symbol	globalScore	otGeneticsPortal	geneBurden	eva	genomicsEngland	gene2Phenotype	uniprotLiterature	uniprotVariants	orphanet	clingen	cancerGeneCensus	intogen	evaSomatic	cancerBiomarkers	chembl	crisprScreen	crispr	slapenrich	progeny	reactome	sysbio	europepmc	expressionAtlas	impc	maxClinicalTrialPhase	isInMembrane	isSecreted	hasLigand	hasSmallMoleculeBinder	hasPocket	mouseOrthologMaxIdentityPercentage	hasHighQualityChemicalProbes	geneticConstraint	mouseKoScore	geneEssentiality	hasSafetyEvent	isCancerDriverGene	paralogMaxIdentityPercentage	tissueSpecificity	tissueDistribution
DRD2	0.60447301214953	No data	No data	No data	No data	No data	No data	No data	No data	No data	No data	No data	No data	No data	0.9896007417937454	No data	No data	No data	No data	No data	No data	0.09422927362980127	No data	No data	1	1	0	1	1	0	0.7855550000000001	1	-0.5752240050010419	-0.9552199751574719	0	-1	No data	0	0.75	0
HTR2A	0.6035031585717501	No data	No data	No data	No data	No data	No data	No data	No data	No data	No data	No data	No data	No data	0.9889173024987055	No data	No data	No data	No data	No data	No data	0.07599134970145263	No data	No data	1	1	0	1	1	0	0.5753700000000002	1	-0.4718691394040425	-0.17439265309339924	0	-1	No data	0	1	0.5
HTR2C	0.5990239774723554	No data	No data	No data	No data	No data	No data	No data	No data	No data	No data	No data	No data	No data	0.9823093032053298	No data	No data	No data	No data	No data	No data	0.06079307976116211	No data	No data	1	1	0	1	1	0	0.5305700000000002	1	-0.053657011877474514	-0.9010662474293912	0	-1	No data	0	0.75	0.5
DRD3	0.5839566938797672	No data	No data	No data	No data	No data	No data	No data	No data	No data	No data	No data	No data	No data	0.9596525235927413	No data	No data	No data	No data	No data	No data	0.01823792392834863	No data	No data	1	1	0	1	1	0	0.5125	1	-0.12908939362367156	-0.9035566226659605	0	-1	No data	0	1	1
GSK3B	0.5813551339220571	No data	No data	No data	No data	No data	No data	No data	No data	No data	No data	No data	No data	No data	0.9538533280127959	No data	No data	No data	No data	No data	No data	0.04863446380892969	No data	No data	1	0	0	1	1	1	0.9523800000000001	1	-0.711294019587414	-0.926888883772421	0	-1	No data	-0.41071500000000005	-1	-1
IMPA1	0.5798768145033182	No data	No data	No data	No data	No data	No data	No data	No data	No data	No data	No data	No data	No data	0.9538533280127959	No data	No data	No data	No data	No data	No data	No data	No data	No data	1	0	0	0	0	1	0.31407999999999986	No data	-0.04177953740362572	-0.8320415938955902	0	No data	No data	0	-1	-1
GSK3A	0.5798768145033182	No data	No data	No data	No data	No data	No data	No data	No data	No data	No data	No data	No data	No data	0.9538533280127959	No data	No data	No data	No data	No data	No data	No data	No data	No data	1	0	0	1	1	0	0.7411999999999999	1	-0.9592623463221505	-0.7935117765836083	0	-1	No data	-0.16148999999999986	-1	-1
HTR1A	0.5772370437570048	No data	No data	No data	No data	No data	No data	No data	No data	No data	No data	No data	No data	No data	0.9480672699367634	No data	No data	No data	No data	No data	No data	0.028876712886552	No data	No data	1	1	0	1	1	0	0.40758500000000025	1	-0.2592206709731194	-0.2932470330880932	0	-1	No data	0	0.75	0.5
DRD4	0.5757508171838223	No data	No data	No data	No data	No data	No data	No data	No data	No data	No data	No data	No data	No data	0.9470663757219994	No data	No data	No data	No data	No data	No data	No data	No data	No data	1	1	0	1	1	0	0	1	0.8782037924567618	-0.2716150181121571	0	-1	No data	0	-1	0
ALDH5A1	0.5711455777332208	No data	No data	No data	No data	No data	No data	No data	No data	No data	No data	No data	No data	No data	0.9394911065158759	No data	No data	No data	No data	No data	No data	No data	No data	No data	1	0	0	0	1	1	0.17757000000000006	No data	0.03396540946030413	-0.6916102638674967	0	No data	No data	0	0.5	-1
SCN4A	0.5650345928618319	No data	No data	No data	No data	No data	No data	No data	No data	No data	No data	No data	No data	No data	0.929439000428477	No data	No data	No data	No data	No data	No data	No data	No data	No data	1	0	0	1	1	0	0.6214599999999997	No data	-0.6547197332777662	-0.8611597120123354	0	No data	No data	-0.264705	0.75	0.5
SCN8A	0.5650345928618319	No data	No data	No data	No data	No data	No data	No data	No data	No data	No data	No data	No data	No data	0.929439000428477	No data	No data	No data	No data	No data	No data	No data	No data	No data	1	1	0	1	1	0	0.9318199999999998	No data	-0.9578037091060637	-0.9487970238105026	0	No data	No data	-0.4217175000000001	0.75	0.5
SCN7A	0.5650345928618319	No data	No data	No data	No data	No data	No data	No data	No data	No data	No data	No data	No data	No data	0.929439000428477	No data	No data	No data	No data	No data	No data	No data	No data	No data	1	1	0	1	1	0	0	No data	-0.15565742863096477	No data	0	No data	No data	0	0.5	0
SCN3A	0.5650345928618319	No data	No data	No data	No data	No data	No data	No data	No data	No data	No data	No data	No data	No data	0.929439000428477	No data	No data	No data	No data	No data	No data	No data	No data	No data	1	1	0	1	1	0	0.7375	No data	-0.9175869972911023	-0.45806794162493086	0	No data	No data	-0.68875	0.5	0.5
SCN1A	0.5650345928618319	No data	No data	No data	No data	No data	No data	No data	No data	No data	No data	No data	No data	No data	0.929439000428477	No data	No data	No data	No data	No data	No data	No data	No data	No data	1	1	0	1	1	0	0.9079149999999998	No data	-0.9937486976453428	-0.9660827336174976	0	-1	No data	-0.6864100000000001	0.5	0.5
SCN2A	0.5650345928618319	No data	No data	No data	No data	No data	No data	No data	No data	No data	No data	No data	No data	No data	0.929439000428477	No data	No data	No data	No data	No data	No data	No data	No data	No data	1	1	0	1	1	0	0.9027450000000001	1	-0.9605126067930819	-0.7880557324349885	0	No data	No data	-0.6907724999999999	1	0.5
SCN10A	0.5650345928618319	No data	No data	No data	No data	No data	No data	No data	No data	No data	No data	No data	No data	No data	0.929439000428477	No data	No data	No data	No data	No data	No data	No data	No data	No data	1	1	0	1	1	0	0.11809999999999973	0	0.13033965409460313	-0.7917212535510667	0	-1	No data	-0.03246500000000001	No data	No data
SCN9A	0.5650345928618319	No data	No data	No data	No data	No data	No data	No data	No data	No data	No data	No data	No data	No data	0.929439000428477	No data	No data	No data	No data	No data	No data	No data	No data	No data	1	1	0	1	1	0	0.660465	1	-0.24901021046051264	-0.8488954393501088	0	No data	No data	-0.4567399999999999	0.5	0
SCN11A	0.5650345928618319	No data	No data	No data	No data	No data	No data	No data	No data	No data	No data	No data	No data	No data	0.929439000428477	No data	No data	No data	No data	No data	No data	No data	No data	No data	1	1	0	0	1	0	0	No data	-0.10335486559699936	-0.2834589605852611	0	No data	No data	0	0.5	0.5
SCN5A	0.5650345928618319	No data	No data	No data	No data	No data	No data	No data	No data	No data	No data	No data	No data	No data	0.929439000428477	No data	No data	No data	No data	No data	No data	No data	No data	No data	1	1	0	1	1	0	0.7146399999999999	No data	-0.7443217336945197	-0.976716866412147	0	-1	No data	-0.09925499999999995	1	0.5
SLC6A4	0.5564670010437158	No data	No data	No data	No data	No data	No data	No data	No data	No data	No data	No data	No data	No data	0.9153459624514975	No data	No data	No data	No data	No data	No data	No data	No data	No data	1	0	0	1	1	0	0.6269849999999998	1	-0.591373202750573	-0.9473682708582948	0	-1	No data	0	0.75	0.5
GRIN2B	0.4803716822335156	No data	No data	No data	No data	No data	No data	No data	No data	No data	No data	No data	No data	No data	0.7892630449658873	No data	No data	No data	No data	No data	No data	0.01823792392834863	No data	No data	1	1	0	1	1	0	0.9258749999999999	0	-0.9961450302146281	-0.9036682871607882	0	-1	No data	0	1	1
GRIN2C	0.4798173124514886	No data	No data	No data	No data	No data	No data	No data	No data	No data	No data	No data	No data	No data	0.7892630449658873	No data	No data	No data	No data	No data	No data	No data	No data	No data	1	1	0	1	1	0	0.4160600000000002	No data	-0.24005001041883722	-0.17077894484562928	0	-1	No data	0	1	0.5
GRIN1	0.4798173124514886	No data	No data	No data	No data	No data	No data	No data	No data	No data	No data	No data	No data	No data	0.7892630449658873	No data	No data	No data	No data	No data	No data	No data	No data	No data	1	1	0	1	1	0	0.9520249999999997	No data	-0.7442175453219421	-0.9386502324994186	0	-1	No data	0	1	0.5
GRIN2A	0.4798173124514886	No data	No data	No data	No data	No data	No data	No data	No data	No data	No data	No data	No data	No data	0.7892630449658873	No data	No data	No data	No data	No data	No data	No data	No data	No data	1	0	0	1	1	0	0.7643450000000002	1	-0.9013336111689936	-0.32209325976066877	0	-1	-1	0	1	0.5
GRIN3B	0.4798173124514886	No data	No data	No data	No data	No data	No data	No data	No data	No data	No data	No data	No data	No data	0.7892630449658873	No data	No data	No data	No data	No data	No data	No data	No data	No data	1	1	0	1	1	0	0	No data	0.08533027714107111	-0.2780626372451733	0	-1	No data	0	0.5	0.5
GRIN3A	0.4798173124514886	No data	No data	No data	No data	No data	No data	No data	No data	No data	No data	No data	No data	No data	0.7892630449658873	No data	No data	No data	No data	No data	No data	No data	No data	No data	1	1	0	1	1	0	0.6681600000000003	No data	-0.6444050843925817	0	0	-1	No data	0	1	0.5
GRIN2D	0.4798173124514886	No data	No data	No data	No data	No data	No data	No data	No data	No data	No data	No data	No data	No data	0.7892630449658873	No data	No data	No data	No data	No data	No data	No data	No data	No data	1	1	0	1	1	0	0.8315849999999998	No data	-0.9263388205876224	-0.6130568318585405	0	-1	No data	0	0.5	0.5
OPRD1	0.4619748183558772	No data	No data	No data	No data	No data	No data	No data	No data	No data	No data	No data	No data	No data	0.7599134970145264	No data	No data	No data	No data	No data	No data	No data	No data	No data	1	1	0	1	1	0	0.67742	1	0.3413211085642842	-0.17077894484562928	0	-1	No data	0	0.5	1
OPRK1	0.4619748183558772	No data	No data	No data	No data	No data	No data	No data	No data	No data	No data	No data	No data	No data	0.7599134970145264	No data	No data	No data	No data	No data	No data	No data	No data	No data	1	1	0	1	1	0	0.6842100000000002	1	0.46197124400916856	-0.276899951827744	0	-1	No data	0	0.5	0.5
OPRM1	0.4619748183558772	No data	No data	No data	No data	No data	No data	No data	No data	No data	No data	No data	No data	No data	0.7599134970145264	No data	No data	No data	No data	No data	No data	No data	No data	No data	1	1	0	1	1	0	0.5625	0	0.4585330277141071	-0.7312691704091201	0	-1	No data	0	0.5	0.5
CADM2	0.3691923317188327	0.6072933517585872	No data	No data	No data	No data	No data	No data	No data	No data	No data	No data	No data	No data	No data	No data	No data	No data	No data	No data	No data	No data	No data	No data	No data	1	0	0	0	0	0.826735	No data	-0.6520108355907481	No data	0	-1	No data	0	0.75	0
ADCY2	0.3348815399501305	0.5508547046239148	No data	No data	No data	No data	No data	No data	No data	No data	No data	No data	No data	No data	No data	No data	No data	No data	No data	No data	No data	No data	No data	No data	No data	1	0	1	1	0	0.7800199999999997	No data	-0.8110022921441967	0	0	No data	No data	0	0.75	0
ANK3	0.333688152869462	0.5471438724506644	No data	No data	No data	No data	No data	No data	No data	No data	No data	No data	No data	No data	No data	No data	No data	No data	No data	No data	No data	0.03495602086266821	No data	No data	No data	1	0	0	0	0	0	No data	-0.9847884976036674	-0.8577829249959026	0	No data	No data	0	-1	-1
RASGRP1	0.330282310396608	0.543289321242136	No data	No data	No data	No data	No data	No data	No data	No data	No data	No data	No data	No data	No data	No data	No data	No data	No data	No data	No data	No data	No data	No data	No data	1	0	1	1	0	0.5106650000000001	No data	-0.7300479266513857	-0.6663769787781831	0	No data	No data	0	0.5	0
SLC6A2	0.3292956505240693	No data	No data	No data	No data	No data	No data	No data	No data	No data	No data	No data	No data	No data	0.5319394479101685	No data	No data	No data	No data	No data	No data	0.19453785523571876	No data	No data	1	0	0	1	1	0	0.7082650000000001	0	-0.527714107105647	-0.8541480885180219	0	-1	No data	-0.1693674999999999	0.5	0.5
ALOX5AP	0.328916262611369	0.5410422763636634	No data	No data	No data	No data	No data	No data	No data	No data	No data	No data	No data	No data	No data	No data	No data	No data	No data	No data	No data	No data	No data	No data	0.75	0	0	1	1	1	0.596275	1	0.065013544488435	-0.24792119822002634	0	No data	No data	0	0.75	-1
KCNB1	0.3265253362203646	0.5371093840009181	No data	No data	No data	No data	No data	No data	No data	No data	No data	No data	No data	No data	No data	No data	No data	No data	No data	No data	No data	No data	No data	No data	1	1	0	0	1	0	0.6853149999999999	No data	-0.9616586788914357	-0.30530190699284115	0	No data	No data	-0.1317025000000001	1	0
SLC6A3	0.32384434766746995	No data	No data	No data	No data	No data	No data	No data	No data	No data	No data	No data	No data	No data	0.5319394479101685	No data	No data	No data	No data	No data	No data	0.015198269940290528	No data	No data	1	0	0	1	1	0	0.6532249999999997	0	-0.8223588247551573	-0.8776254505243005	0	-1	No data	-0.16129	1	1
SP4	0.3151812289713981	0.5184491889696183	No data	No data	No data	No data	No data	No data	No data	No data	No data	No data	No data	No data	No data	No data	No data	No data	No data	No data	No data	No data	No data	No data	No data	0	0	0	0	0	0.87245	No data	-0.7815169827047301	-0.9455103677218607	0	No data	No data	0	-1	0
HOMER1	0.31221665381307906	0.5135726879435706	No data	No data	No data	No data	No data	No data	No data	No data	No data	No data	No data	No data	No data	No data	No data	No data	No data	No data	No data	No data	No data	No data	No data	0	0	0	0	0	0.9152549999999998	No data	-0.9456136695144822	-0.15555833574473904	0	-1	No data	0	0.5	0
XPNPEP1	0.2880978750464564	0.4738991282861587	No data	No data	No data	No data	No data	No data	No data	No data	No data	No data	No data	No data	No data	No data	No data	No data	No data	No data	No data	No data	No data	No data	0.5	0	0	0	1	0	0.75976	No data	-0.627318191289852	-0.8432973630548013	0	No data	No data	0	-1	-1
CACNA1C	0.28808834731886707	0.47001634054627023	No data	No data	No data	No data	No data	No data	No data	No data	No data	No data	No data	No data	No data	No data	No data	No data	No data	No data	No data	0.07734230702947845	No data	No data	1	1	0	1	1	0	0.749765	No data	-0.9779120650135444	-0.9667394690102562	0	-1	No data	-0.18264749999999985	0.5	0
STARD9	0.2859055647037505	0.4702929442413319	No data	No data	No data	No data	No data	No data	No data	No data	No data	No data	No data	No data	No data	No data	No data	No data	No data	No data	No data	No data	No data	No data	No data	0	0	0	0	0	No data	No data	-0.3439258178787248	-0.22578539780377826	0	No data	No data	No data	-1	0
CACNA1B	0.28425944436150097	0.46758520127335484	No data	No data	No data	No data	No data	No data	No data	No data	No data	No data	No data	No data	No data	No data	No data	No data	No data	No data	No data	No data	No data	No data	1	0	0	1	1	0	0.5681899999999999	No data	-0.8395499062304647	-0.8993863846203504	0	No data	No data	-0.09149250000000002	1	0.5
B3GLCT	0.2791542987188839	0.4591876243407933	No data	No data	No data	No data	No data	No data	No data	No data	No data	No data	No data	No data	No data	No data	No data	No data	No data	No data	No data	No data	No data	No data	No data	0	0	0	0	0	0.17670499999999975	No data	0.44050843925817884	-0.2504998510979936	0	No data	No data	0	-1	-1
THSD7A	0.2764301445324915	0.45470659755765486	No data	No data	No data	No data	No data	No data	No data	No data	No data	No data	No data	No data	No data	No data	No data	No data	No data	No data	No data	No data	No data	No data	No data	1	1	0	0	0	0.5262500000000003	No data	-0.8704938528860179	0	0	No data	No data	0	0.5	0
MSRA	0.2559466294978296	0.4149334627263513	No data	No data	No data	No data	No data	No data	No data	No data	No data	No data	No data	No data	No data	No data	No data	No data	No data	No data	No data	0.12158615952232422	No data	No data	No data	1	0	0	0	0	0.25531999999999966	No data	0.9435299020629297	No data	0	No data	No data	0	0.5	0
ATP2B2	0.24548271854619227	0.4038004317442392	No data	No data	No data	No data	No data	No data	No data	No data	No data	No data	No data	No data	No data	No data	No data	No data	No data	No data	No data	No data	No data	No data	No data	1	0	0	0	0	0.9155250000000003	No data	-0.9426963950823088	-0.36211579195961685	0	No data	No data	-0.5474650000000001	0.5	0
LMAN2L	0.24238751331858763	0.39870905417336305	No data	No data	No data	No data	No data	No data	No data	No data	No data	No data	No data	No data	No data	No data	No data	No data	No data	No data	No data	No data	No data	No data	No data	0	0	0	0	0	0.5258600000000001	No data	0.44623879974994796	-0.30744733073070546	0	No data	No data	0	-1	-1
MAD1L1	0.24198267033469006	0.39804311820583504	No data	No data	No data	No data	No data	No data	No data	No data	No data	No data	No data	No data	No data	No data	No data	No data	No data	No data	No data	No data	No data	No data	No data	0	0	0	0	0	0.03899499999999989	No data	0.0736611794123776	-0.7006201635130838	0	No data	No data	No data	-1	-1
TRANK1	0.2376221792592849	0.3908704414924061	No data	No data	No data	No data	No data	No data	No data	No data	No data	No data	No data	No data	No data	No data	No data	No data	No data	No data	No data	No data	No data	No data	No data	0	0	0	0	0	0.04681500000000014	No data	-0.29839549906230467	-0.20287257367183953	0	No data	No data	0	0.5	0
SHANK2	0.23586380906102838	0.3879780560347773	No data	No data	No data	No data	No data	No data	No data	No data	No data	No data	No data	No data	No data	No data	No data	No data	No data	No data	No data	No data	No data	No data	No data	1	0	0	0	0	0.46728000000000025	No data	-0.5501146072098354	-0.7268953608626019	0	No data	No data	0	0.5	0
DCLK3	0.2356210172620523	0.38757868196139605	No data	No data	No data	No data	No data	No data	No data	No data	No data	No data	No data	No data	No data	No data	No data	No data	No data	No data	No data	No data	No data	No data	No data	0	0	1	1	0	0	No data	-0.4187330693894561	No data	0	No data	No data	0	0.5	0.5
PLEC	0.2341998881730233	0.3852410325206831	No data	No data	No data	No data	No data	No data	No data	No data	No data	No data	No data	No data	No data	No data	No data	No data	No data	No data	No data	No data	No data	No data	No data	0	0	1	1	0	0.6635150000000003	No data	-0.6364867680766826	-0.8842430773030302	0	No data	No data	0	0.5	-1
TBC1D21	0.20706470767700022	0.3406057210631469	No data	No data	No data	No data	No data	No data	No data	No data	No data	No data	No data	No data	No data	No data	No data	No data	No data	No data	No data	No data	No data	No data	No data	0	0	0	0	0	0.3303550000000001	No data	0.185246926443009	0	0	No data	No data	0	1	1
STK4	0.2062889017597278	0.3393295792385834	No data	No data	No data	No data	No data	No data	No data	No data	No data	No data	No data	No data	No data	No data	No data	No data	No data	No data	No data	No data	No data	No data	No data	0	0	1	1	0	0.8665300000000002	No data	-0.4650968951864972	0	0	-1	No data	-0.4455850000000002	0.5	-1
TDRD15	0.20436943308873873	0.3361721990260163	No data	No data	No data	No data	No data	No data	No data	No data	No data	No data	No data	No data	No data	No data	No data	No data	No data	No data	No data	No data	No data	No data	No data	No data	No data	0	0	0	No data	No data	-0.46249218587205665	No data	0	No data	No data	0	1	1
NMB	0.20289951734304665	0.33375429923961475	No data	No data	No data	No data	No data	No data	No data	No data	No data	No data	No data	No data	No data	No data	No data	No data	No data	No data	No data	No data	No data	No data	No data	1	1	0	0	0	0	No data	0.6107522400500105	0	0	No data	No data	0	0.5	-1
HTR6	0.20241824312011614	0.3329626396875386	No data	No data	No data	No data	No data	No data	No data	No data	No data	No data	No data	No data	No data	No data	No data	No data	No data	No data	No data	No data	No data	No data	1	1	0	1	1	0	0.3977249999999998	No data	0.42540112523442386	No data	0	-1	No data	0	1	1
CNNM4	0.20189259482995803	0.3320979881643336	No data	No data	No data	No data	No data	No data	No data	No data	No data	No data	No data	No data	No data	No data	No data	No data	No data	No data	No data	No data	No data	No data	No data	1	0	0	0	0	0.4258049999999997	No data	0.03813294436340908	-0.7932144123990503	0	No data	No data	-0.080645	0.5	-1
MATN4	0.19614427794048578	0.3226424433686831	No data	No data	No data	No data	No data	No data	No data	No data	No data	No data	No data	No data	No data	No data	No data	No data	No data	No data	No data	No data	No data	No data	No data	0	1	0	0	0	0.5094650000000002	No data	0.13909147739112315	No data	0	No data	No data	0	1	0.5
RPS6KA2	0.18553720612979993	0.305194615667968	No data	No data	No data	No data	No data	No data	No data	No data	No data	No data	No data	No data	No data	No data	No data	No data	No data	No data	No data	No data	No data	No data	0.25	0	0	1	1	0	0.5838999999999999	1	-0.5660554282142113	-0.6582612307713611	0	No data	No data	-0.51569	-1	-1
CACNB2	0.17757514419923928	0.2914896975786429	No data	No data	No data	No data	No data	No data	No data	No data	No data	No data	No data	No data	No data	No data	No data	No data	No data	No data	No data	0.012158615952232422	No data	No data	1	1	0	1	1	0	0.6893949999999996	No data	-0.26849343613252763	-0.7734366540814666	0	No data	No data	-0.011362500000000076	-1	0
ILF3	0.17451053208980374	0.2870565741617362	No data	No data	No data	No data	No data	No data	No data	No data	No data	No data	No data	No data	No data	No data	No data	No data	No data	No data	No data	No data	No data	No data	No data	0	0	0	0	0	0.6492199999999997	No data	-0.9804125859554074	-0.6210222201992607	-1	No data	No data	0	-1	-1
ZNF592	0.1680717366695346	0.2764652446131013	No data	No data	No data	No data	No data	No data	No data	No data	No data	No data	No data	No data	No data	No data	No data	No data	No data	No data	No data	No data	No data	No data	No data	0	0	0	0	0	0.384375	No data	-0.9551989997916233	No data	0	No data	No data	0	-1	-1
PARP10	0.16608989447768469	0.273205264694933	No data	No data	No data	No data	No data	No data	No data	No data	No data	No data	No data	No data	No data	No data	No data	No data	No data	No data	No data	No data	No data	No data	No data	0	0	1	1	1	0	No data	-0.20785580329235254	0	0	No data	No data	0	-1	-1
GPR35	0.14581715730179692	0.2398581514124125	No data	No data	No data	No data	No data	No data	No data	No data	No data	No data	No data	No data	No data	No data	No data	No data	No data	No data	No data	No data	No data	No data	No data	1	0	1	1	0	0	1	0.6208585121900396	-0.5916851843148718	0	No data	No data	0	0.5	0
RBKS	0.1452695134296293	0.23895731882699467	No data	No data	No data	No data	No data	No data	No data	No data	No data	No data	No data	No data	No data	No data	No data	No data	No data	No data	No data	No data	No data	No data	No data	0	0	0	0	1	0.2857149999999997	No data	0.633673682017087	0	0	No data	No data	0	0.5	-1
CAPN10	0.1409787679306438	0.2318993682907781	No data	No data	No data	No data	No data	No data	No data	No data	No data	No data	No data	No data	No data	No data	No data	No data	No data	No data	No data	No data	No data	No data	No data	0	0	0	0	0	0.010414999999999707	No data	0.11231506563867466	-0.18446368749529568	0	-1	No data	0	-1	-1
PACS1	0.14075666653318095	0.23153402835679973	No data	No data	No data	No data	No data	No data	No data	No data	No data	No data	No data	No data	No data	No data	No data	No data	No data	No data	No data	No data	No data	No data	No data	1	0	0	0	0	0.8701949999999996	No data	-0.9058137111898312	-0.2968774632995319	0	No data	No data	0	-1	-1
ITIH4	0.13832847586740354	0.2275398390916448	No data	No data	No data	No data	No data	No data	No data	No data	No data	No data	No data	No data	No data	No data	No data	No data	No data	No data	No data	No data	No data	No data	No data	0	1	0	0	0	0	No data	-0.17566159616586785	No data	0	No data	No data	0	1	0
LRFN4	0.13384852606841735	0.2201706618487965	No data	No data	No data	No data	No data	No data	No data	No data	No data	No data	No data	No data	No data	No data	No data	No data	No data	No data	No data	No data	No data	No data	No data	0	0	0	0	0	0.8425199999999997	No data	-0.6433632006668055	No data	0	No data	No data	0	0.5	0
HDAC5	0.1300590430937862	0.21393725010272452	No data	No data	No data	No data	No data	No data	No data	No data	No data	No data	No data	No data	No data	No data	No data	No data	No data	No data	No data	No data	No data	No data	1	0	0	1	1	0	0.6791449999999998	0	-0.9487393206918108	-0.11718971696957875	0	No data	No data	0	-1	-1
IL2	0.1293882478963565	0.21283384293851268	No data	No data	No data	No data	No data	No data	No data	No data	No data	No data	No data	No data	No data	No data	No data	No data	No data	No data	No data	No data	No data	No data	No data	0	1	1	1	0	0	0	-0.12533861221087728	-0.9039313606550076	0	No data	No data	No data	No data	No data
ALPK3	0.12486093781567742	0.20538676162849265	No data	No data	No data	No data	No data	No data	No data	No data	No data	No data	No data	No data	No data	No data	No data	No data	No data	No data	No data	No data	No data	No data	No data	0	0	0	0	0	0	No data	-0.00010418837257764046	-0.9359368861327324	0	No data	No data	0	0.75	0
CDC25C	0.12209368314347625	0.20083483781895234	No data	No data	No data	No data	No data	No data	No data	No data	No data	No data	No data	No data	No data	No data	No data	No data	No data	No data	No data	No data	No data	No data	No data	0	0	1	1	0	0	0	0.3951864971869139	No data	0	No data	No data	0	0.5	0.5
FADS2	0.11626673488761713	0.19124995039631892	No data	No data	No data	No data	No data	No data	No data	No data	No data	No data	No data	No data	No data	No data	No data	No data	No data	No data	No data	No data	No data	No data	No data	1	0	0	0	0	0.38063	No data	-0.847155657428631	-0.8843206800268544	0	No data	No data	-0.054054999999999964	0.5	-1
SUGP1	0.11503652558663975	0.18922634950981918	No data	No data	No data	No data	No data	No data	No data	No data	No data	No data	No data	No data	No data	No data	No data	No data	No data	No data	No data	No data	No data	No data	No data	0	0	0	0	0	0.4573650000000001	No data	-0.7964159199833298	-0.7524213302818639	-1	No data	No data	0	-1	-1
RAMACL	0.11476264995060306	0.18877584488476537	No data	No data	No data	No data	No data	No data	No data	No data	No data	No data	No data	No data	No data	No data	No data	No data	No data	No data	No data	No data	No data	No data	No data	0	0	No data	No data	No data	0.4067799999999998	No data	No data	No data	No data	No data	No data	-0.9788125000000001	No data	No data
HAPLN4	0.11183369791075429	0.1839579411836274	No data	No data	No data	No data	No data	No data	No data	No data	No data	No data	No data	No data	No data	No data	No data	No data	No data	No data	No data	No data	No data	No data	No data	0	1	0	0	0	0.5398000000000003	No data	-0.2045217753698687	No data	0	No data	No data	0	0.75	0.5
RBPJL	0.11143335701929351	0.18329941081630008	No data	No data	No data	No data	No data	No data	No data	No data	No data	No data	No data	No data	No data	No data	No data	No data	No data	No data	No data	No data	No data	No data	No data	0	0	0	0	0	0.39071500000000015	No data	0.2082725567826631	-0.05377051238253633	0	No data	No data	0	1	0.5
WDR55	0.1078054543571305	0.17733178641494393	No data	No data	No data	No data	No data	No data	No data	No data	No data	No data	No data	No data	No data	No data	No data	No data	No data	No data	No data	No data	No data	No data	No data	0	0	0	0	0	0.4255850000000002	No data	0.7282767243175661	No data	-1	No data	No data	0	-1	-1
NDUFA13	0.10631251178152086	0.17487600924182659	No data	No data	No data	No data	No data	No data	No data	No data	No data	No data	No data	No data	No data	No data	No data	No data	No data	No data	No data	No data	No data	No data	1	0	0	0	1	0	0.09722000000000008	No data	0.8061054386330486	-0.5787265667839511	-1	No data	No data	No data	-1	-1
FADS1	0.09718795196812184	0.159866801204914	No data	No data	No data	No data	No data	No data	No data	No data	No data	No data	No data	No data	No data	No data	No data	No data	No data	No data	No data	No data	No data	No data	No data	0	0	1	1	0	0	No data	-0.5674098770577203	-0.8505164142135224	0	No data	No data	0	-1	-1
STIMATE	0.09435760854564607	0.15521110119169648	No data	No data	No data	No data	No data	No data	No data	No data	No data	No data	No data	No data	No data	No data	No data	No data	No data	No data	No data	No data	No data	No data	No data	0	0	0	0	0	0.7789099999999998	No data	-0.3784121692019171	0	0	No data	No data	0	-1	-1
FAM53C	0.09405359078973699	0.15471101506823723	No data	No data	No data	No data	No data	No data	No data	No data	No data	No data	No data	No data	No data	No data	No data	No data	No data	No data	No data	No data	No data	No data	No data	No data	No data	0	0	0	0.7321449999999998	No data	-0.34059178995624084	No data	0	No data	No data	0	0.5	-1
STIMATE-MUSTN1	0.09402561437085503	0.1546649959835127	No data	No data	No data	No data	No data	No data	No data	No data	No data	No data	No data	No data	No data	No data	No data	No data	No data	No data	No data	No data	No data	No data	No data	No data	No data	No data	No data	No data	No data	No data	-0.2277557824546781	0	No data	No data	No data	No data	0.5	0
GABRA5	0.0929493334532025	No data	No data	No data	No data	No data	No data	No data	No data	No data	No data	No data	No data	No data	0.15198269940290526	No data	No data	No data	No data	No data	No data	0.01823792392834863	No data	No data	1	1	0	1	1	0	0.7727249999999998	0	-0.6651385705355282	-0.8135521146075794	0	-1	No data	-0.2640699999999999	1	0.5
GABRG2	0.09239496367117545	No data	No data	No data	No data	No data	No data	No data	No data	No data	No data	No data	No data	No data	0.15198269940290526	No data	No data	No data	No data	No data	No data	No data	No data	No data	1	1	0	1	1	0	0.94737	No data	-0.6279433215253178	-0.9311183169817097	0	-1	No data	-0.3157900000000001	0.75	0
GABRA2	0.09239496367117545	No data	No data	No data	No data	No data	No data	No data	No data	No data	No data	No data	No data	No data	0.15198269940290526	No data	No data	No data	No data	No data	No data	No data	No data	No data	1	1	0	1	1	0	0.8891350000000002	No data	-0.8510106272140029	-0.8873353578227341	0	-1	No data	-0.4068725000000001	1	0.5
GABRA1	0.09239496367117545	No data	No data	No data	No data	No data	No data	No data	No data	No data	No data	No data	No data	No data	0.15198269940290526	No data	No data	No data	No data	No data	No data	No data	No data	No data	1	1	0	1	1	0	0.923245	No data	-0.6705563659095645	-0.90622507121243	0	-1	No data	-0.38596499999999984	0.75	0.5
GABRG3	0.09239496367117545	No data	No data	No data	No data	No data	No data	No data	No data	No data	No data	No data	No data	No data	0.15198269940290526	No data	No data	No data	No data	No data	No data	No data	No data	No data	1	1	0	1	1	0	0.796575	No data	-0.645446968118358	No data	0	-1	No data	-0.15417500000000003	0.5	0.5
GABRG1	0.09239496367117545	No data	No data	No data	No data	No data	No data	No data	No data	No data	No data	No data	No data	No data	0.15198269940290526	No data	No data	No data	No data	No data	No data	No data	No data	No data	1	1	0	1	1	0	0.7634399999999999	No data	-0.127318191289852	No data	0	-1	No data	-0.3548400000000001	1	0.5
GABRA3	0.09239496367117545	No data	No data	No data	No data	No data	No data	No data	No data	No data	No data	No data	No data	No data	0.15198269940290526	No data	No data	No data	No data	No data	No data	No data	No data	No data	1	1	0	1	1	0	0.8069099999999999	No data	-0.25932485934569705	-0.17077894484562928	0	-1	No data	-0.17174750000000003	0.75	0.5
CDAN1	0.08749673337131321	0.14392548249745168	No data	No data	No data	No data	No data	No data	No data	No data	No data	No data	No data	No data	No data	No data	No data	No data	No data	No data	No data	No data	No data	No data	No data	1	0	0	0	0	0.4254300000000001	No data	-0.2917274432173369	-0.8632098160557083	0	No data	No data	No data	-1	-1
KDM3B	0.08679152385872291	0.14276546639798632	No data	No data	No data	No data	No data	No data	No data	No data	No data	No data	No data	No data	No data	No data	No data	No data	No data	No data	No data	No data	No data	No data	No data	0	0	0	0	0	0.6791600000000002	No data	-0.9963534069597832	-0.8514518250943154	0	No data	No data	0	-1	-1
NEK4	0.08568671592212093	0.13790848724571142	No data	No data	No data	No data	No data	No data	No data	No data	No data	No data	No data	No data	No data	No data	No data	No data	No data	No data	No data	0.06079307976116211	No data	No data	No data	0	0	1	1	0	0	No data	0.2987080641800375	No data	0	-1	No data	0	0.5	-1
GATAD2A	0.0835340898445976	0.13740723479181866	No data	No data	No data	No data	No data	No data	No data	No data	No data	No data	No data	No data	No data	No data	No data	No data	No data	No data	No data	No data	No data	No data	No data	0	0	0	0	0	0.4006300000000003	No data	-0.8850802250468848	No data	0	No data	No data	0	-1	-1
RAD9B	0.08320084417078416	0.1368590709627732	No data	No data	No data	No data	No data	No data	No data	No data	No data	No data	No data	No data	No data	No data	No data	No data	No data	No data	No data	No data	No data	No data	No data	No data	No data	0	0	0	0	No data	0.5144821837882891	-0.8147681256026157	0	No data	No data	0	1	1
KLC2	0.08282666577256004	0.1362435759102209	No data	No data	No data	No data	No data	No data	No data	No data	No data	No data	No data	No data	No data	No data	No data	No data	No data	No data	No data	No data	No data	No data	No data	1	0	0	0	0	0.7749200000000002	No data	-0.7343196499270681	-0.26299420443844534	-1	No data	No data	-0.23231499999999983	0.5	-1
BLTP1	0.08270608011684669	0.1360452216630153	No data	No data	No data	No data	No data	No data	No data	No data	No data	No data	No data	No data	No data	No data	No data	No data	No data	No data	No data	No data	No data	No data	No data	0	0	0	0	0	0.749655	No data	-0.6151281516982705	-0.8675390915379163	0	No data	No data	No data	-1	-1
TM6SF2	0.0808481746906055	0.13298910831337035	No data	No data	No data	No data	No data	No data	No data	No data	No data	No data	No data	No data	No data	No data	No data	No data	No data	No data	No data	No data	No data	No data	No data	0	0	0	0	0	0	No data	0.013023546572202616	-0.7837037363239169	0	No data	No data	0	0.75	0.5
APOB	0.07743611039633486	0.1273765216379204	No data	No data	No data	No data	No data	No data	No data	No data	No data	No data	No data	No data	No data	No data	No data	No data	No data	No data	No data	No data	No data	No data	1	0	1	0	1	0	0	No data	-0.5461554490518858	-0.9107803606803258	0	-1	No data	No data	0.75	0.5
YJEFN3	0.07579990295266614	0.12468508463539169	No data	No data	No data	No data	No data	No data	No data	No data	No data	No data	No data	No data	No data	No data	No data	No data	No data	No data	No data	No data	No data	No data	No data	0	0	0	0	0	0	No data	0.4217545321942071	No data	0	No data	No data	0	1	0.5
ZSCAN2	0.0746303509730574	0.12276126043664477	No data	No data	No data	No data	No data	No data	No data	No data	No data	No data	No data	No data	No data	No data	No data	No data	No data	No data	No data	No data	No data	No data	No data	0	0	0	0	0	0.4706850000000003	No data	-0.13346530527193168	0	0	No data	No data	0	-1	-1
FAM98B	0.07409644608415573	0.1218830274354558	No data	No data	No data	No data	No data	No data	No data	No data	No data	No data	No data	No data	No data	No data	No data	No data	No data	No data	No data	No data	No data	No data	No data	0	0	0	0	0	0.4341799999999999	No data	-0.3169410293811211	No data	0	No data	No data	0	-1	-1
ASB16	0.07334500528241264	0.12064696437581927	No data	No data	No data	No data	No data	No data	No data	No data	No data	No data	No data	No data	No data	No data	No data	No data	No data	No data	No data	No data	No data	No data	No data	0	0	0	0	0	0.2604849999999999	No data	0.6737862054594708	-0.6230982059181558	0	No data	No data	0	1	0
SEC11A	0.07243914207071347	0.11915688817757758	No data	No data	No data	No data	No data	No data	No data	No data	No data	No data	No data	No data	No data	No data	No data	No data	No data	No data	No data	No data	No data	No data	No data	0	0	0	0	0	0.6368699999999997	No data	0.105647009793707	No data	0	No data	No data	-0.48324	-1	-1
TMCO4	0.06634886850101336	0.10913885060878359	No data	No data	No data	No data	No data	No data	No data	No data	No data	No data	No data	No data	No data	No data	No data	No data	No data	No data	No data	No data	No data	No data	No data	0	0	0	0	0	0.061514999999999986	No data	0.4558241300270889	No data	0	No data	No data	No data	-1	0
ADD3	0.06492419696135872	0.10679537410578069	No data	No data	No data	No data	No data	No data	No data	No data	No data	No data	No data	No data	No data	No data	No data	No data	No data	No data	No data	No data	No data	No data	No data	1	0	0	0	0	0.6104799999999997	No data	-0.8299645759533236	0	0	No data	No data	0	-1	-1
PBRM1	0.06421231826941669	0.1056243877126932	No data	No data	No data	No data	No data	No data	No data	No data	No data	No data	No data	No data	No data	No data	No data	No data	No data	No data	No data	No data	No data	No data	No data	0	0	1	1	1	0.909035	1	-0.9589497812044175	-0.8460173662828604	0	No data	-1	No data	-1	-1
GRINA	0.06387666732371144	0.1050722673940255	No data	No data	No data	No data	No data	No data	No data	No data	No data	No data	No data	No data	No data	No data	No data	No data	No data	No data	No data	No data	No data	No data	No data	0	0	0	0	0	0.36657500000000026	No data	-0.5067722442175453	No data	0	No data	No data	0	-1	-1
MUSTN1	0.06268867734701386	0.10311811409012175	No data	No data	No data	No data	No data	No data	No data	No data	No data	No data	No data	No data	No data	No data	No data	No data	No data	No data	No data	No data	No data	No data	No data	0	1	0	0	0	0.20731499999999983	No data	0.8466347155657428	No data	0	No data	No data	0	1	0
NSUN6	0.05936595447373901	0.09765248726823868	No data	No data	No data	No data	No data	No data	No data	No data	No data	No data	No data	No data	No data	No data	No data	No data	No data	No data	No data	No data	No data	No data	No data	0	0	0	0	0	0.06183499999999995	No data	0.5977286934778079	No data	0	No data	No data	0	0.5	-1
GLT8D1	0.059070395735459906	0.0971663155864613	No data	No data	No data	No data	No data	No data	No data	No data	No data	No data	No data	No data	No data	No data	No data	No data	No data	No data	No data	No data	No data	No data	No data	0	0	0	0	0	0.5283000000000001	No data	0.27557824546780574	0	0	No data	No data	0	-1	-1
ZNHIT3	0.05798265274211015	0.09537706095810035	No data	No data	No data	No data	No data	No data	No data	No data	No data	No data	No data	No data	No data	No data	No data	No data	No data	No data	No data	No data	No data	No data	No data	0	0	0	0	0	0	No data	No data	No data	0	No data	No data	No data	-1	-1
SPCS1	0.057469263452689955	0.09453257456024529	No data	No data	No data	No data	No data	No data	No data	No data	No data	No data	No data	No data	No data	No data	No data	No data	No data	No data	No data	No data	No data	No data	No data	0	0	0	0	0	0.6568649999999998	No data	0.2680766826422172	No data	0	No data	No data	No data	-1	-1
IFT81	0.054090433515977886	0.08897465587939134	No data	No data	No data	No data	No data	No data	No data	No data	No data	No data	No data	No data	No data	No data	No data	No data	No data	No data	No data	No data	No data	No data	No data	0	0	0	0	0	0.64497	No data	-0.14044592623463226	-0.8026774546714757	0	No data	No data	No data	-1	-1
GHRL	0.053087087926075874	0.0873242285711453	No data	No data	No data	No data	No data	No data	No data	No data	No data	No data	No data	No data	No data	No data	No data	No data	No data	No data	No data	No data	No data	No data	No data	0	1	0	0	0	0.188035	No data	0.9929151906647218	-0.2948782721385751	0	No data	No data	No data	1	0
ANXA5	0.05034780554270176	0.08281831705270284	No data	No data	No data	No data	No data	No data	No data	No data	No data	No data	No data	No data	No data	No data	No data	No data	No data	No data	No data	No data	No data	No data	No data	0	0	0	0	0	0.671875	No data	0.5748072515107314	0	0	No data	No data	0	-1	-1
HROB	0.05003457981558715	0.08230308451580032	No data	No data	No data	No data	No data	No data	No data	No data	No data	No data	No data	No data	No data	No data	No data	No data	No data	No data	No data	No data	No data	No data	No data	0	0	0	0	0	0	No data	0.17764117524484258	No data	0	No data	No data	No data	0.5	0.5
GNL3	0.049525017969058026	0.08146489397087146	No data	No data	No data	No data	No data	No data	No data	No data	No data	No data	No data	No data	No data	No data	No data	No data	No data	No data	No data	No data	No data	No data	No data	0	0	0	0	0	0	No data	0.41508647634923945	-0.6792774880862253	-1	No data	No data	0	-1	-1
MAU2	0.04888059796731088	0.08040487200080697	No data	No data	No data	No data	No data	No data	No data	No data	No data	No data	No data	No data	No data	No data	No data	No data	No data	No data	No data	No data	No data	No data	No data	0	0	0	0	0	0.8531799999999997	No data	-0.9665555324025839	0	0	No data	No data	No data	-1	-1
ADAD1	0.04864140923005662	0.08001142469036644	No data	No data	No data	No data	No data	No data	No data	No data	No data	No data	No data	No data	No data	No data	No data	No data	No data	No data	No data	No data	No data	No data	No data	0	0	0	0	0	0.453125	No data	-0.4847884976036674	-0.1613539839587136	0	No data	No data	0	1	1
NCAN	0.04822183524588663	0.07932125734596084	No data	No data	No data	No data	No data	No data	No data	No data	No data	No data	No data	No data	No data	No data	No data	No data	No data	No data	No data	No data	No data	No data	No data	0	1	0	0	0	0	No data	-0.629506147113982	No data	0	No data	No data	0	1	0.5
SEC13	0.04797918869179346	0.07892212218938306	No data	No data	No data	No data	No data	No data	No data	No data	No data	No data	No data	No data	No data	No data	No data	No data	No data	No data	No data	No data	No data	No data	No data	0	0	0	0	1	0.8447200000000002	No data	-0.3687226505521983	No data	-1	No data	No data	0	-1	-1
KCNS1	0.04777947671911232	0.07859361115907212	No data	No data	No data	No data	No data	No data	No data	No data	No data	No data	No data	No data	No data	No data	No data	No data	No data	No data	No data	No data	No data	No data	1	1	0	0	0	0	0.23954499999999967	No data	-0.2966242967284851	No data	0	No data	No data	0	1	0.5
CDK1	0.046787050421453945	0.07696114525743114	No data	No data	No data	No data	No data	No data	No data	No data	No data	No data	No data	No data	No data	No data	No data	No data	No data	No data	No data	No data	No data	No data	0.75	0	0	1	1	0	0.8484850000000002	1	-0.8803917482808918	No data	-1	-1	No data	-0.1329975000000001	0.5	0
WDR73	0.04597834398810565	0.07563088458216109	No data	No data	No data	No data	No data	No data	No data	No data	No data	No data	No data	No data	No data	No data	No data	No data	No data	No data	No data	No data	No data	No data	No data	0	0	0	0	0	0	No data	0.40914773911231506	-0.30744733073070546	0	No data	No data	0	-1	-1
TSSK6	0.04568364026358087	0.07514611933308574	No data	No data	No data	No data	No data	No data	No data	No data	No data	No data	No data	No data	No data	No data	No data	No data	No data	No data	No data	No data	No data	No data	No data	No data	No data	1	1	0	0.8534799999999997	No data	-0.4455094811419046	0	0	No data	No data	0	1	0.5
SPATC1	0.04377821554391432	0.07201184035404339	No data	No data	No data	No data	No data	No data	No data	No data	No data	No data	No data	No data	No data	No data	No data	No data	No data	No data	No data	No data	No data	No data	No data	0	0	0	0	0	0	No data	0.3959158157949574	0	0	No data	No data	0	1	0.5
MRPL33	0.043405958452762274	0.07139950570573386	No data	No data	No data	No data	No data	No data	No data	No data	No data	No data	No data	No data	No data	No data	No data	No data	No data	No data	No data	No data	No data	No data	No data	0	0	0	0	0	0	No data	0.12523442383829964	No data	0	No data	No data	No data	-1	-1
DCP1B	0.04323590466285232	0.07111978013404371	No data	No data	No data	No data	No data	No data	No data	No data	No data	No data	No data	No data	No data	No data	No data	No data	No data	No data	No data	No data	No data	No data	No data	0	0	0	0	0	0	No data	0.1793081892060846	No data	0	No data	No data	0	-1	-1
CILP2	0.04293007503246613	0.07061671361465088	No data	No data	No data	No data	No data	No data	No data	No data	No data	No data	No data	No data	No data	No data	No data	No data	No data	No data	No data	No data	No data	No data	No data	0	1	0	0	0	0	No data	-0.23796624296728486	No data	0	No data	No data	0	0.5	0.5
GGNBP2	0.04165072733643853	0.06851228379952426	No data	No data	No data	No data	No data	No data	No data	No data	No data	No data	No data	No data	No data	No data	No data	No data	No data	No data	No data	No data	No data	No data	No data	0	0	0	0	0	0.813485	No data	No data	-0.8757491611520631	0	No data	No data	No data	-1	-1
IL21	0.04146042434944586	0.06819924983621739	No data	No data	No data	No data	No data	No data	No data	No data	No data	No data	No data	No data	No data	No data	No data	No data	No data	No data	No data	No data	No data	No data	0.5	0	1	0	0	0	0	No data	-0.32808918524692643	-0.10741056512065361	0	No data	No data	No data	1	1
BABAM2	0.041168156128444953	0.06771849080550348	No data	No data	No data	No data	No data	No data	No data	No data	No data	No data	No data	No data	No data	No data	No data	No data	No data	No data	No data	No data	No data	No data	No data	0	0	0	0	0	0.7650149999999997	No data	-0.5375078141279432	-0.13805873379873962	0	No data	No data	No data	1	-1
QTRT1	0.04106032850790775	0.06754112255740545	No data	No data	No data	No data	No data	No data	No data	No data	No data	No data	No data	No data	No data	No data	No data	No data	No data	No data	No data	No data	No data	No data	No data	0	0	0	1	0	0.3548400000000001	No data	0.21223171494061255	0	0	No data	No data	0	-1	-1
FER1L5	0.04064996732719988	0.0668661095751383	No data	No data	No data	No data	No data	No data	No data	No data	No data	No data	No data	No data	No data	No data	No data	No data	No data	No data	No data	No data	No data	No data	No data	1	0	0	0	0	0	No data	No data	0	0	No data	No data	0	0.75	0.5
MYRF	0.03939931401435892	0.06480887984150019	No data	No data	No data	No data	No data	No data	No data	No data	No data	No data	No data	No data	No data	No data	No data	No data	No data	No data	No data	No data	No data	No data	No data	0	0	0	0	0	0.42658500000000005	No data	-0.9682225463638258	-0.5999916008833125	0	No data	No data	0	0.75	0
ITIH1	0.03928168639264699	0.06461539133561423	No data	No data	No data	No data	No data	No data	No data	No data	No data	No data	No data	No data	No data	No data	No data	No data	No data	No data	No data	No data	No data	No data	No data	0	1	0	0	0	0.0998899999999999	No data	0.379245676182538	No data	0	No data	No data	0	1	0.5
HARS1	0.03905857447146648	0.06424838916685251	No data	No data	No data	No data	No data	No data	No data	No data	No data	No data	No data	No data	No data	No data	No data	No data	No data	No data	No data	No data	No data	No data	No data	0	0	0	1	0	0.7445950000000003	No data	-0.1814961450302146	0	-1	No data	No data	-0.2976424999999999	-1	-1
SLPI	0.038986909685340396	0.0641305060354046	No data	No data	No data	No data	No data	No data	No data	No data	No data	No data	No data	No data	No data	No data	No data	No data	No data	No data	No data	No data	No data	No data	No data	0	1	0	0	0	0	No data	0.6897270264638466	-0.5418692114809672	0	No data	No data	0	0.75	0
CTTN	0.038271118140602856	0.06295308329658354	No data	No data	No data	No data	No data	No data	No data	No data	No data	No data	No data	No data	No data	No data	No data	No data	No data	No data	No data	No data	No data	No data	No data	1	0	0	0	0	0.6090899999999998	No data	-0.5876224213377788	-0.7961378326060614	0	No data	No data	0	-1	-1
UQCC5	0.03685347371838921	0.06062116586818027	No data	No data	No data	No data	No data	No data	No data	No data	No data	No data	No data	No data	No data	No data	No data	No data	No data	No data	No data	No data	No data	No data	No data	0	0	0	0	0	0	No data	0.6413836215878308	No data	0	No data	No data	No data	0.5	-1
VPS29	0.03624234316007796	0.05961590250479713	No data	No data	No data	No data	No data	No data	No data	No data	No data	No data	No data	No data	No data	No data	No data	No data	No data	No data	No data	No data	No data	No data	No data	0	0	0	0	0	0.945055	No data	-0.4529068555949156	0	0	No data	No data	No data	-1	-1
BTN1A1	0.035721590768170865	0.05875930436245433	No data	No data	No data	No data	No data	No data	No data	No data	No data	No data	No data	No data	No data	No data	No data	No data	No data	No data	No data	No data	No data	No data	No data	0	1	0	0	0	0	No data	0.2158783079808293	No data	0	No data	No data	0	1	1
NUDT1	0.035601472547818216	0.05856171901092327	No data	No data	No data	No data	No data	No data	No data	No data	No data	No data	No data	No data	No data	No data	No data	No data	No data	No data	No data	No data	No data	No data	No data	0	0	1	1	0	0.13461500000000015	1	0.9728068347572412	-0.5608534310456883	0	No data	No data	0	0.5	-1
BTN2A1	0.03215127385844365	0.052886404151190274	No data	No data	No data	No data	No data	No data	No data	No data	No data	No data	No data	No data	No data	No data	No data	No data	No data	No data	No data	No data	No data	No data	No data	1	0	0	0	0	No data	No data	0.8487184830172954	0	0	No data	No data	-0.5493349999999999	-1	-1
PC	0.032113045848762546	0.052823521978036206	No data	No data	No data	No data	No data	No data	No data	No data	No data	No data	No data	No data	No data	No data	No data	No data	No data	No data	No data	No data	No data	No data	No data	0	0	0	0	1	0.8387099999999996	No data	-0.58012085851219	-0.5228612289780257	0	No data	No data	0	0.5	-1
ARPC3	0.0316891563083479	0.052126255871301715	No data	No data	No data	No data	No data	No data	No data	No data	No data	No data	No data	No data	No data	No data	No data	No data	No data	No data	No data	No data	No data	No data	No data	0	0	0	0	0	0.8876399999999997	No data	-0.2811002292144197	No data	-1	No data	No data	No data	-1	-1
ZNF322	0.03129041797057404	0.051470361583102496	No data	No data	No data	No data	No data	No data	No data	No data	No data	No data	No data	No data	No data	No data	No data	No data	No data	No data	No data	No data	No data	No data	No data	0	0	0	0	0	0.26617000000000035	No data	0.0037507814127943906	No data	0	No data	No data	0	-1	-1
MRM2	0.030941704021636058	0.050896753616031284	No data	No data	No data	No data	No data	No data	No data	No data	No data	No data	No data	No data	No data	No data	No data	No data	No data	No data	No data	No data	No data	No data	No data	0	0	0	0	0	0	No data	0.6630548030839758	-0.7184037764547396	0	No data	No data	0	-1	-1
TTBK2	0.030909677099941742	0.05084407176174764	No data	No data	No data	No data	No data	No data	No data	No data	No data	No data	No data	No data	No data	No data	No data	No data	No data	No data	No data	No data	No data	No data	No data	0	0	1	1	0	0.48552999999999996	1	-0.8106897270264639	-0.8972573981172851	0	No data	No data	0	0.5	-1
INSYN1	0.030053863020449732	0.049436322585600864	No data	No data	No data	No data	No data	No data	No data	No data	No data	No data	No data	No data	No data	No data	No data	No data	No data	No data	No data	No data	No data	No data	No data	0	0	0	0	0	0.4368600000000001	No data	-0.09053969576995202	No data	0	No data	No data	0	0.5	0
MYO19	0.030031407570227	0.04939938507509646	No data	No data	No data	No data	No data	No data	No data	No data	No data	No data	No data	No data	No data	No data	No data	No data	No data	No data	No data	No data	No data	No data	No data	0	0	0	0	0	0.08247500000000016	No data	No data	No data	0	No data	No data	0	-1	-1
LRRC57	0.029847837108573163	0.049097425604750444	No data	No data	No data	No data	No data	No data	No data	No data	No data	No data	No data	No data	No data	No data	No data	No data	No data	No data	No data	No data	No data	No data	No data	0	0	0	0	0	0.7489550000000001	No data	0.25046884767659927	No data	0	No data	No data	No data	-1	-1
FEN1	0.029733566085017454	0.04890945844795456	No data	No data	No data	No data	No data	No data	No data	No data	No data	No data	No data	No data	No data	No data	No data	No data	No data	No data	No data	No data	No data	No data	No data	0	0	1	1	1	0.8289450000000003	No data	0.42894352990206297	-0.9205665758668774	-1	No data	No data	0	0.5	-1
CCDC6	0.02891354038162779	0.04756057843297374	No data	No data	No data	No data	No data	No data	No data	No data	No data	No data	No data	No data	No data	No data	No data	No data	No data	No data	No data	No data	No data	No data	1	0	0	1	1	0	0.757385	No data	-0.5877266097103564	-0.5940310704824281	0	No data	-1	No data	-1	-1
H4C8	0.028030206979618118	0.04610756206091293	No data	No data	No data	No data	No data	No data	No data	No data	No data	No data	No data	No data	No data	No data	No data	No data	No data	No data	No data	No data	No data	No data	No data	0	0	0	1	0	No data	No data	0.991769118566368	No data	0	No data	No data	-1	0.5	0.5
OPLAH	0.027836836516789556	0.04578948233277898	No data	No data	No data	No data	No data	No data	No data	No data	No data	No data	No data	No data	No data	No data	No data	No data	No data	No data	No data	No data	No data	No data	No data	0	0	0	0	0	0.6118000000000002	No data	-0.050739737445301136	-0.5334310964091995	0	No data	No data	No data	0.5	0
BTN3A1	0.027815625663685457	0.045754592090028606	No data	No data	No data	No data	No data	No data	No data	No data	No data	No data	No data	No data	No data	No data	No data	No data	No data	No data	No data	No data	No data	No data	No data	0	0	1	1	0	0	No data	0.34142529693686186	No data	0	No data	No data	-0.6296299999999999	-1	-1
ZMAT2	0.027753994933656077	0.045653214218942764	No data	No data	No data	No data	No data	No data	No data	No data	No data	No data	No data	No data	No data	No data	No data	No data	No data	No data	No data	No data	No data	No data	No data	0	0	0	0	0	1	No data	-0.8422588039174828	No data	-1	No data	No data	0	-1	-1
GPN3	0.027366785861197014	0.04501628469673351	No data	No data	No data	No data	No data	No data	No data	No data	No data	No data	No data	No data	No data	No data	No data	No data	No data	No data	No data	No data	No data	No data	No data	0	0	0	0	0	0.735915	No data	0.1950406334653052	No data	-1	No data	No data	0	-1	-1
ATXN7L3	0.026223219493906484	0.04313520485708192	No data	No data	No data	No data	No data	No data	No data	No data	No data	No data	No data	No data	No data	No data	No data	No data	No data	No data	No data	No data	No data	No data	No data	1	0	0	0	0	0.9711799999999997	No data	-0.8907063971660762	-0.6585395586297385	0	No data	No data	0	-1	-1
FAM216A	0.02612472649959099	0.0429731913603115	No data	No data	No data	No data	No data	No data	No data	No data	No data	No data	No data	No data	No data	No data	No data	No data	No data	No data	No data	No data	No data	No data	No data	0	0	0	0	0	0	No data	-0.23442383829964575	0	0	No data	No data	0	0.75	-1
TRIM38	0.02590863345422073	0.04261773470929262	No data	No data	No data	No data	No data	No data	No data	No data	No data	No data	No data	No data	No data	No data	No data	No data	No data	No data	No data	No data	No data	No data	No data	1	0	0	0	0	0	No data	0.2509897895394875	-0.7386382388412627	0	No data	No data	0	-1	0
HARS2	0.025767991392755856	0.042386389197570866	No data	No data	No data	No data	No data	No data	No data	No data	No data	No data	No data	No data	No data	No data	No data	No data	No data	No data	No data	No data	No data	No data	No data	0	0	0	0	0	0.2094850000000001	No data	-0.2150448010002084	-0.5769789502256353	0	No data	No data	-0.30829999999999985	-1	-1
SLC44A2	0.02574325870234252	0.04234570579987083	No data	No data	No data	No data	No data	No data	No data	No data	No data	No data	No data	No data	No data	No data	No data	No data	No data	No data	No data	No data	No data	No data	No data	0	0	0	0	0	0.525495	No data	-0.42488018337153577	-0.23495215851275897	0	No data	No data	0	-1	-1
RNPEPL1	0.02566247952263013	0.04221283018305762	No data	No data	No data	No data	No data	No data	No data	No data	No data	No data	No data	No data	No data	No data	No data	No data	No data	No data	No data	No data	No data	No data	0.5	0	0	0	0	0	0.6344850000000001	No data	-0.15096895186497183	0	No data	No data	No data	0	-1	0
DNAH11	0.02470720049076279	0.04064146871293578	No data	No data	No data	No data	No data	No data	No data	No data	No data	No data	No data	No data	No data	No data	No data	No data	No data	No data	No data	No data	No data	No data	No data	0	0	0	0	0	0.2161200000000001	No data	-0.2936028339237341	-0.9774834545269231	0	No data	No data	0	1	0.5
ATP2A2	0.024615239044261165	0.040490199116358476	No data	No data	No data	No data	No data	No data	No data	No data	No data	No data	No data	No data	No data	No data	No data	No data	No data	No data	No data	No data	No data	No data	0.5	0	0	1	1	0	0.9376199999999997	No data	-0.8307980829339445	-0.9751140236788008	-1	No data	No data	-0.5129549999999998	0.75	-1
USPL1	0.024250587352148755	0.03989037477196761	No data	No data	No data	No data	No data	No data	No data	No data	No data	No data	No data	No data	No data	No data	No data	No data	No data	No data	No data	No data	No data	No data	No data	0	0	0	0	0	0	No data	-0.5526151281516982	No data	-1	No data	No data	No data	-1	-1
BTN3A3	0.024076585571638606	0.03960415505552332	No data	No data	No data	No data	No data	No data	No data	No data	No data	No data	No data	No data	No data	No data	No data	No data	No data	No data	No data	No data	No data	No data	No data	1	0	0	0	0	No data	No data	0.7295269847884975	No data	0	No data	No data	-0.37072000000000005	-1	-1
ARL5B	0.024034648495493867	0.039535171749677495	No data	No data	No data	No data	No data	No data	No data	No data	No data	No data	No data	No data	No data	No data	No data	No data	No data	No data	No data	No data	No data	No data	No data	No data	No data	0	0	0	1	No data	0.17045217753698694	No data	0	No data	No data	-0.4972075	-1	-1
NRBP2	0.023305879301991014	0.038336401764070625	No data	No data	No data	No data	No data	No data	No data	No data	No data	No data	No data	No data	No data	No data	No data	No data	No data	No data	No data	No data	No data	No data	No data	0	0	0	0	0	0.7105800000000002	No data	-0.46947280683475723	No data	0	No data	No data	-0.021954999999999992	0.5	-1
ITIH3	0.023278960251073327	0.038292121969358064	No data	No data	No data	No data	No data	No data	No data	No data	No data	No data	No data	No data	No data	No data	No data	No data	No data	No data	No data	No data	No data	No data	No data	0	1	0	0	0	0.2471899999999998	No data	-0.024796832673473657	No data	0	No data	No data	0	1	0
DNM2	0.023195080592044014	0.03815414629949753	No data	No data	No data	No data	No data	No data	No data	No data	No data	No data	No data	No data	No data	No data	No data	No data	No data	No data	No data	No data	No data	No data	No data	0	0	1	1	0	0.9080449999999999	No data	-0.9105021879558242	-0.9513983510617979	-1	No data	-1	-0.4942525	-1	-1
TMEM258	0.022906482890327894	0.037679424994293165	No data	No data	No data	No data	No data	No data	No data	No data	No data	No data	No data	No data	No data	No data	No data	No data	No data	No data	No data	No data	No data	No data	No data	1	0	0	0	0	1	No data	0.831527401541988	-0.45846988132528854	-1	No data	No data	No data	-1	-1
TMUB2	0.02249324833712381	0.03699968553245382	No data	No data	No data	No data	No data	No data	No data	No data	No data	No data	No data	No data	No data	No data	No data	No data	No data	No data	No data	No data	No data	No data	No data	0	0	0	0	0	0.19003000000000014	No data	0.6364867680766826	-0.699914935859901	0	No data	No data	0	-1	-1
GAL3ST3	0.022437113776945388	0.03690734844343159	No data	No data	No data	No data	No data	No data	No data	No data	No data	No data	No data	No data	No data	No data	No data	No data	No data	No data	No data	No data	No data	No data	No data	0	0	0	0	0	0.7331800000000002	No data	0.8200666805584498	No data	0	No data	No data	0	0.5	0
REEP2	0.022166017861869735	0.03646141624828585	No data	No data	No data	No data	No data	No data	No data	No data	No data	No data	No data	No data	No data	No data	No data	No data	No data	No data	No data	No data	No data	No data	No data	0	0	0	0	0	0.6456699999999997	No data	-0.4346738903938321	No data	0	No data	No data	0	0.5	0
DTNBP1	0.022041331889112628	No data	No data	No data	No data	No data	No data	No data	No data	No data	No data	No data	No data	No data	No data	No data	No data	No data	No data	No data	No data	0.1812815864544653	No data	No data	No data	0	0	0	0	0	0	No data	0.09345697020212551	-0.7252430447994453	0	-1	No data	0	0.5	-1
PTGIS	0.021517964502092174	0.035395417680153474	No data	No data	No data	No data	No data	No data	No data	No data	No data	No data	No data	No data	No data	No data	No data	No data	No data	No data	No data	No data	No data	No data	No data	0	0	0	1	1	0	No data	0.23286101271098136	-0.933729920169454	0	No data	No data	0	0.5	0
SNAP23	0.020939450179032527	0.03444380554710731	No data	No data	No data	No data	No data	No data	No data	No data	No data	No data	No data	No data	No data	No data	No data	No data	No data	No data	No data	No data	No data	No data	No data	1	0	0	0	0	0.36019000000000007	No data	-0.6602417170243801	0	0	No data	No data	0	-1	-1
SCGB2A1	0.02084769521679571	0.034292875601466634	No data	No data	No data	No data	No data	No data	No data	No data	No data	No data	No data	No data	No data	No data	No data	No data	No data	No data	No data	No data	No data	No data	No data	0	1	0	0	0	0	No data	0.5437591164826006	No data	0	No data	No data	0	0.75	0
BDNF	0.02064595942589722	No data	No data	No data	No data	No data	No data	No data	No data	No data	No data	No data	No data	No data	No data	No data	No data	No data	No data	No data	No data	0.16980517771931475	No data	No data	No data	0	1	0	1	0	0.8785400000000003	No data	-0.47197332777662016	-0.8847431524590615	0	-1	No data	0	0.5	0.5
SLC4A1AP	0.020228499428189627	0.03327434554666645	No data	No data	No data	No data	No data	No data	No data	No data	No data	No data	No data	No data	No data	No data	No data	No data	No data	No data	No data	No data	No data	No data	No data	1	0	0	0	0	0	No data	-0.15148989372785993	No data	0	No data	No data	0	-1	-1
SCGB1D2	0.019815896819579064	0.03259564558569794	No data	No data	No data	No data	No data	No data	No data	No data	No data	No data	No data	No data	No data	No data	No data	No data	No data	No data	No data	No data	No data	No data	No data	0	1	0	0	0	No data	No data	0.41727443217336946	No data	0	No data	No data	0	0.75	0
CFAP90	0.01973305250155467	0.03245937297317384	No data	No data	No data	No data	No data	No data	No data	No data	No data	No data	No data	No data	No data	No data	No data	No data	No data	No data	No data	No data	No data	No data	No data	0	0	0	0	0	0	No data	0.7583871639924984	No data	0	No data	No data	No data	0.75	0
SCGB2A2	0.019296455142626612	0.03174120346992887	No data	No data	No data	No data	No data	No data	No data	No data	No data	No data	No data	No data	No data	No data	No data	No data	No data	No data	No data	No data	No data	No data	No data	0	1	0	0	0	0	No data	0.9297770368826839	No data	0	No data	No data	0	0.75	0
SFMBT1	0.019269033573980517	0.0316960970717108	No data	No data	No data	No data	No data	No data	No data	No data	No data	No data	No data	No data	No data	No data	No data	No data	No data	No data	No data	No data	No data	No data	No data	0	0	0	0	0	0.43995499999999976	No data	-0.7219212335903313	No data	0	No data	No data	0	0.5	-1
CTSW	0.018931503314714215	0.031140885424937263	No data	No data	No data	No data	No data	No data	No data	No data	No data	No data	No data	No data	No data	No data	No data	No data	No data	No data	No data	No data	No data	No data	No data	0	0	0	0	0	0	No data	0.5213586163784121	No data	0	No data	No data	0	0.5	0
SPTBN2	0.018716672791085544	0.03078750552631611	No data	No data	No data	No data	No data	No data	No data	No data	No data	No data	No data	No data	No data	No data	No data	No data	No data	No data	No data	No data	No data	No data	No data	1	0	0	0	0	0.7447699999999997	No data	-0.6831631589914566	-0.31559147461755227	0	No data	No data	-0.05125499999999992	0.5	0
SMIM43	0.018679972994103556	0.030727137147010156	No data	No data	No data	No data	No data	No data	No data	No data	No data	No data	No data	No data	No data	No data	No data	No data	No data	No data	No data	No data	No data	No data	No data	1	0	0	0	0	0.6031750000000002	No data	0.8201708689310272	No data	No data	No data	No data	No data	1	1
NTRK2	0.018643250447428292	No data	No data	No data	No data	No data	No data	No data	No data	No data	No data	No data	No data	No data	No data	No data	No data	No data	No data	No data	No data	0.1533336567309311	No data	No data	1	1	0	1	1	0	0.6062049999999999	1	-0.9723900812669306	-0.9336029581546254	0	-1	-1	0	0.5	0
ALDH2	0.017688502489492813	No data	No data	No data	No data	No data	No data	No data	No data	No data	No data	No data	No data	No data	No data	No data	No data	No data	No data	No data	No data	0.145481217261781	No data	No data	1	0	0	1	1	1	0.75822	No data	0.22650552198374663	-0.9235787324090616	0	-1	No data	-0.3230174999999999	0.5	-1
ZNF804A	0.016631093460811583	No data	No data	No data	No data	No data	No data	No data	No data	No data	No data	No data	No data	No data	No data	No data	No data	No data	No data	No data	No data	0.13678442946261474	No data	No data	No data	0	0	0	0	0	0	No data	-0.5222963117316107	-0.5334310964091995	0	-1	No data	0	0.5	0.5
ADH1B	0.01570714382409983	No data	No data	No data	No data	No data	No data	No data	No data	No data	No data	No data	No data	No data	No data	No data	No data	No data	No data	No data	No data	0.1291852944924695	No data	No data	1	1	0	0	1	1	0.16000000000000014	No data	0.3908105855386539	-0.5208529541661028	0	-1	No data	-0.8600000000000001	0.5	0
PER3	0.014413614332703372	No data	No data	No data	No data	No data	No data	No data	No data	No data	No data	No data	No data	No data	No data	No data	No data	No data	No data	No data	No data	0.11854650553426611	No data	No data	No data	0	0	0	0	0	0	No data	-0.08553865388622628	-0.12511711754295884	0	No data	No data	0	-1	0
GADL1	0.01405943363863053	No data	No data	No data	No data	No data	No data	No data	No data	No data	No data	No data	No data	No data	No data	No data	No data	No data	No data	No data	No data	0.11563350379571041	No data	No data	No data	1	0	0	0	0	0.40499000000000007	No data	0.5604292560950197	No data	0	No data	No data	0	0.75	0.5
IGF1	0.01404403447801867	No data	No data	No data	No data	No data	No data	No data	No data	No data	No data	No data	No data	No data	No data	No data	No data	No data	No data	No data	No data	0.115506851546208	No data	No data	0.5	0	1	0	0	0	0	No data	-0.1297145238591373	-0.9488735079765309	0	-1	No data	0	0.5	0
COMT	0.013805232256720696	No data	No data	No data	No data	No data	No data	No data	No data	No data	No data	No data	No data	No data	No data	No data	No data	No data	No data	No data	No data	0.11354279394099903	No data	No data	1	0	0	1	1	0	0	No data	0.7577620337570328	-0.8295541798049546	0	-1	No data	0	-1	-1
TNF	0.012812101629069664	No data	No data	No data	No data	No data	No data	No data	No data	No data	No data	No data	No data	No data	No data	No data	No data	No data	No data	No data	No data	0.10537467158601432	No data	No data	1	1	1	1	1	1	0	0	-0.5138570535528235	-0.9827310106118933	0	-1	No data	0	0.5	0
OPN4	0.012011345277252809	No data	No data	No data	No data	No data	No data	No data	No data	No data	No data	No data	No data	No data	No data	No data	No data	No data	No data	No data	No data	0.09878875461188842	No data	No data	No data	1	0	0	0	0	0	0	0.4449885392790165	-0.28140309061498947	0	No data	No data	0	0.5	0.5
PRL	0.010902605713198706	No data	No data	No data	No data	No data	No data	No data	No data	No data	No data	No data	No data	No data	No data	No data	No data	No data	No data	No data	No data	0.08966979264771412	No data	No data	No data	0	1	0	0	0	0	No data	0.5506355490727235	-0.8744625505688133	0	-1	No data	0	1	0
CCL2	0.010348235931171651	No data	No data	No data	No data	No data	No data	No data	No data	No data	No data	No data	No data	No data	No data	No data	No data	No data	No data	No data	No data	0.08511031166562696	No data	No data	0.5	0	1	1	1	0	No data	No data	0.10950197957907903	-0.9570952464677102	0	-1	No data	-0.3434349999999998	0.5	-1
PON1	0.010348235931171651	No data	No data	No data	No data	No data	No data	No data	No data	No data	No data	No data	No data	No data	No data	No data	No data	No data	No data	No data	No data	0.08511031166562696	No data	No data	No data	0	1	1	1	0	0.11267500000000012	No data	0.44217545321942064	-0.5724339072302304	0	-1	No data	-0.14788749999999987	1	0.5
ANKK1	0.009609076221802246	No data	No data	No data	No data	No data	No data	No data	No data	No data	No data	No data	No data	No data	No data	No data	No data	No data	No data	No data	No data	0.07903100368951074	No data	No data	No data	No data	No data	1	1	0	0	No data	0.3057928735153157	No data	0	-1	No data	0	0.5	0.5
CHRNA2	0.009609076221802246	No data	No data	No data	No data	No data	No data	No data	No data	No data	No data	No data	No data	No data	No data	No data	No data	No data	No data	No data	No data	0.07903100368951074	No data	No data	No data	1	0	1	0	0	0.09262999999999977	No data	0.40862679724942685	-0.28225561086084844	0	-1	No data	-0.11625750000000004	1	0.5
NRG1	0.009609076221802246	No data	No data	No data	No data	No data	No data	No data	No data	No data	No data	No data	No data	No data	No data	No data	No data	No data	No data	No data	No data	0.07903100368951074	No data	No data	No data	0	1	0	0	0	0.359375	No data	-0.813398624713482	-0.9727359119852138	0	No data	No data	0	0.5	0
BCL2	0.009239496367117545	No data	No data	No data	No data	No data	No data	No data	No data	No data	No data	No data	No data	No data	No data	No data	No data	No data	No data	No data	No data	0.07599134970145263	No data	No data	1	0	0	1	1	0	0.5188299999999998	1	-0.24369660345905397	-0.9497681429128482	0	-1	No data	0	-1	-1
P2RX7	0.008869916512432843	No data	No data	No data	No data	No data	No data	No data	No data	No data	No data	No data	No data	No data	No data	No data	No data	No data	No data	No data	No data	0.07295169571339452	No data	No data	0.5	1	0	1	1	0	0.042014999999999955	No data	0.004896853511148214	-0.30674208586283724	0	-1	No data	0	0.5	0
ADARB1	0.008869916512432843	No data	No data	No data	No data	No data	No data	No data	No data	No data	No data	No data	No data	No data	No data	No data	No data	No data	No data	No data	No data	0.07295169571339452	No data	No data	No data	0	0	0	0	1	0.7432250000000004	No data	-0.6277349447801626	-0.5727445319057586	0	No data	No data	0	0.5	-1
DAOA	0.008869916512432843	No data	No data	No data	No data	No data	No data	No data	No data	No data	No data	No data	No data	No data	No data	No data	No data	No data	No data	No data	No data	0.07295169571339452	No data	No data	No data	0	0	0	0	0	No data	No data	0.7558866430506355	No data	0	No data	No data	No data	No data	No data
CRP	0.008500336657748143	No data	No data	No data	No data	No data	No data	No data	No data	No data	No data	No data	No data	No data	No data	No data	No data	No data	No data	No data	No data	0.06991204172533642	No data	No data	No data	0	1	0	0	1	0	No data	0.9482183788289227	-0.6781325815419675	0	No data	No data	0	1	0.5
MTHFR	0.008295014516256641	No data	No data	No data	No data	No data	No data	No data	No data	No data	No data	No data	No data	No data	No data	No data	No data	No data	No data	No data	No data	0.06822334506530414	No data	No data	No data	0	0	0	0	0	0.5045749999999998	No data	0.014065430297978798	-0.75257434052664	0	-1	No data	0	-1	-1
NFKB1	0.00813075680306344	No data	No data	No data	No data	No data	No data	No data	No data	No data	No data	No data	No data	No data	No data	No data	No data	No data	No data	No data	No data	0.06687238773727831	No data	No data	0.75	0	0	1	1	0	0.33952499999999974	No data	-0.9505105230256303	-0.9126905586543401	0	-1	No data	0	-1	-1
DRD1	0.00794596687572109	No data	No data	No data	No data	No data	No data	No data	No data	No data	No data	No data	No data	No data	No data	No data	No data	No data	No data	No data	No data	0.06535256074324927	No data	No data	1	1	0	1	1	0	0.5515700000000002	No data	-0.7457803709106063	-0.8083425998919627	0	-1	No data	0	0.75	0.5
SNAP25	0.007925434661571938	No data	No data	No data	No data	No data	No data	No data	No data	No data	No data	No data	No data	No data	No data	No data	No data	No data	No data	No data	No data	0.06518369107724604	No data	No data	1	1	0	0	0	0	1	No data	-0.8505938737236924	-0.9175356385787259	0	No data	No data	0	1	0
APOE	0.0073915970936940375	No data	No data	No data	No data	No data	No data	No data	No data	No data	No data	No data	No data	No data	No data	No data	No data	No data	No data	No data	No data	0.06079307976116211	No data	No data	No data	0	1	0	0	0	0	No data	0.1554490518858096	-0.9832350084989555	0	-1	No data	0	0.75	-1
HP	0.0073915970936940375	No data	No data	No data	No data	No data	No data	No data	No data	No data	No data	No data	No data	No data	No data	No data	No data	No data	No data	No data	No data	0.06079307976116211	No data	No data	No data	0	1	0	0	0	0	No data	0.13565326109606168	-0.7744650547240031	0	No data	No data	-0.43965500000000013	1	0
TGFB1	0.0073915970936940375	No data	No data	No data	No data	No data	No data	No data	No data	No data	No data	No data	No data	No data	No data	No data	No data	No data	No data	No data	No data	0.06079307976116211	No data	No data	1	0	1	0	1	0	0.4615400000000001	No data	-0.3610127109814545	-0.9811075698722849	0	-1	No data	0	-1	0
IL10	0.0073915970936940375	No data	No data	No data	No data	No data	No data	No data	No data	No data	No data	No data	No data	No data	No data	No data	No data	No data	No data	No data	No data	0.06079307976116211	No data	No data	0.5	0	1	0	0	0	0	No data	0.16045009376953523	-0.9605896874209293	0	-1	No data	0	0.5	0
ALG9	0.0073915970936940375	No data	No data	No data	No data	No data	No data	No data	No data	No data	No data	No data	No data	No data	No data	No data	No data	No data	No data	No data	No data	0.06079307976116211	No data	No data	No data	0	0	0	0	0	0.6440150000000002	No data	-0.31381537820379246	-0.6027694267576991	0	No data	No data	0	-1	-1
MMP9	0.0073915970936940375	No data	No data	No data	No data	No data	No data	No data	No data	No data	No data	No data	No data	No data	No data	No data	No data	No data	No data	No data	No data	0.06079307976116211	No data	No data	0.75	0	1	1	1	1	0	No data	0.35465722025421953	-0.9750241352135316	0	-1	No data	0	0.75	0
NLRP3	0.0073915970936940375	No data	No data	No data	No data	No data	No data	No data	No data	No data	No data	No data	No data	No data	No data	No data	No data	No data	No data	No data	No data	0.06079307976116211	No data	No data	0.5	0	1	No data	No data	No data	0.12475999999999984	1	-0.47228589289435297	-0.9329632358017148	0	No data	No data	0	1	0
SYP	0.0073915970936940375	No data	No data	No data	No data	No data	No data	No data	No data	No data	No data	No data	No data	No data	No data	No data	No data	No data	No data	No data	No data	0.06079307976116211	No data	No data	No data	0	0	0	0	0	0.7603850000000001	No data	-0.6450302146280475	0	0	No data	No data	0	0.5	0
TH	0.0073915970936940375	No data	No data	No data	No data	No data	No data	No data	No data	No data	No data	No data	No data	No data	No data	No data	No data	No data	No data	No data	No data	0.06079307976116211	No data	No data	1	0	0	0	1	0	0.37625999999999993	No data	-0.15201083559074813	-0.9552060763889061	0	-1	No data	0	0.75	0.5
TPH2	0.0073915970936940375	No data	No data	No data	No data	No data	No data	No data	No data	No data	No data	No data	No data	No data	No data	No data	No data	No data	No data	No data	No data	0.06079307976116211	No data	No data	1	No data	No data	1	1	0	0.6632649999999998	No data	-0.07397374453011041	-0.9438812618139125	0	No data	No data	-0.1224499999999999	No data	No data
GLUL	0.0073915970936940375	No data	No data	No data	No data	No data	No data	No data	No data	No data	No data	No data	No data	No data	No data	No data	No data	No data	No data	No data	No data	0.06079307976116211	No data	No data	No data	1	0	0	1	1	0.7319049999999997	No data	-0.9057095228172536	-0.5716940165100484	0	No data	No data	0	0.5	-1
CTLA4	0.0073915970936940375	No data	No data	No data	No data	No data	No data	No data	No data	No data	No data	No data	No data	No data	No data	No data	No data	No data	No data	No data	No data	0.06079307976116211	No data	No data	1	1	0	0	0	0	0	No data	-0.7109814544696812	-0.7981138111948313	0	-1	No data	0	1	0
GAD1	0.0073915970936940375	No data	No data	No data	No data	No data	No data	No data	No data	No data	No data	No data	No data	No data	No data	No data	No data	No data	No data	No data	No data	0.06079307976116211	No data	No data	No data	1	0	0	0	1	0.8569000000000002	No data	-0.5306313815378203	-0.8503374520406711	0	No data	No data	-0.08670000000000008	0.75	0.5
NR2E1	0.005174117965585825	No data	No data	No data	No data	No data	No data	No data	No data	No data	No data	No data	No data	No data	No data	No data	No data	No data	No data	No data	No data	0.04255515583281347	No data	No data	No data	0	0	1	1	0	0.94805	No data	-0.9357157741196083	-0.7364039759309201	0	No data	No data	0	0.75	0.5
CRH	0.004804538110901123	No data	No data	No data	No data	No data	No data	No data	No data	No data	No data	No data	No data	No data	No data	No data	No data	No data	No data	No data	No data	0.03951550184475537	No data	No data	No data	0	1	0	0	0	0	No data	-0.23254844759324855	-0.7425749873300049	0	No data	No data	0	1	0.5
EGR3	0.0044349582562164215	No data	No data	No data	No data	No data	No data	No data	No data	No data	No data	No data	No data	No data	No data	No data	No data	No data	No data	No data	No data	0.03647584785669726	No data	No data	No data	0	0	0	0	0	0.9483199999999996	No data	-0.7380704313398625	-0.6961067021398062	0	No data	No data	0	0.5	0
PAFAH1B1	0.0044349582562164215	No data	No data	No data	No data	No data	No data	No data	No data	No data	No data	No data	No data	No data	No data	No data	No data	No data	No data	No data	No data	0.03647584785669726	No data	No data	No data	0	0	0	0	0	0.9878050000000002	No data	-0.9747864138362159	-0.8848647138313553	-1	No data	No data	0	-1	-1
TSNAX	0.0044349582562164215	No data	No data	No data	No data	No data	No data	No data	No data	No data	No data	No data	No data	No data	No data	No data	No data	No data	No data	No data	No data	0.03647584785669726	No data	No data	No data	0	0	0	1	0	0.5344850000000001	No data	-0.45926234632215046	-0.5173261297492578	0	No data	No data	0	-1	-1
VEGFA	0.0044349582562164215	No data	No data	No data	No data	No data	No data	No data	No data	No data	No data	No data	No data	No data	No data	No data	No data	No data	No data	No data	No data	0.03647584785669726	No data	No data	1	0	1	1	1	0	0.18987499999999996	No data	-0.0866847259845801	-0.9927552407221324	0	-1	No data	0	-1	-1
DNAJB1	0.0036957985468470188	No data	No data	No data	No data	No data	No data	No data	No data	No data	No data	No data	No data	No data	No data	No data	No data	No data	No data	No data	No data	0.030396539880581056	No data	No data	No data	0	0	0	0	0	0.27941000000000005	No data	-0.07105647009793703	No data	0	No data	No data	-0.1617650000000001	-1	-1
NDUFA6	0.0036957985468470188	No data	No data	No data	No data	No data	No data	No data	No data	No data	No data	No data	No data	No data	No data	No data	No data	No data	No data	No data	No data	0.030396539880581056	No data	No data	1	0	0	0	0	0	0.375	No data	0.7643259012294228	-0.7277052597941727	0	No data	No data	No data	-1	-1
HIVEP2	0.0036957985468470188	No data	No data	No data	No data	No data	No data	No data	No data	No data	No data	No data	No data	No data	No data	No data	No data	No data	No data	No data	No data	0.030396539880581056	No data	No data	No data	0	0	0	0	0	0.35813500000000004	No data	-0.9898937278599709	-0.344280051043335	0	No data	No data	0	-1	-1
PAK5	0.0036957985468470188	No data	No data	No data	No data	No data	No data	No data	No data	No data	No data	No data	No data	No data	No data	No data	No data	No data	No data	No data	No data	0.030396539880581056	No data	No data	No data	0	0	1	1	1	0.6940199999999997	0	-0.9255053136070015	-0.1317761340245982	0	No data	No data	0	0.75	0.5
PDLIM5	0.0036957985468470188	No data	No data	No data	No data	No data	No data	No data	No data	No data	No data	No data	No data	No data	No data	No data	No data	No data	No data	No data	No data	0.030396539880581056	No data	No data	No data	1	0	0	0	0	0	No data	-0.4312356740987706	-0.8554642166981469	0	No data	No data	0	0.75	-1
SOD2	0.0036957985468470188	No data	No data	No data	No data	No data	No data	No data	No data	No data	No data	No data	No data	No data	No data	No data	No data	No data	No data	No data	No data	0.030396539880581056	No data	No data	No data	0	0	0	0	1	0.5045050000000003	No data	No data	-0.9733745355724477	0	-1	No data	No data	0.5	-1
CYP3A4	0.003675266332697868	No data	No data	No data	No data	No data	No data	No data	No data	No data	No data	No data	No data	No data	No data	No data	No data	No data	No data	No data	No data	0.030227670214577826	No data	No data	1	0	0	1	1	1	0	0	0.2605751198166284	0	0	-1	No data	-0.71173	1	0.5
TSPO	0.0029566388374776143	No data	No data	No data	No data	No data	No data	No data	No data	No data	No data	No data	No data	No data	No data	No data	No data	No data	No data	No data	No data	0.024317231904464845	No data	No data	1	0	0	1	1	0	0.05325500000000005	No data	0.6362783913315273	0	0	-1	No data	0	0.5	-1
IL6	0.002771848910135263	No data	No data	No data	No data	No data	No data	No data	No data	No data	No data	No data	No data	No data	No data	No data	No data	No data	No data	No data	No data	0.02279740491043579	No data	No data	1	0	1	0	1	0	0	No data	-0.1933736195040634	-0.9769547852116262	0	-1	No data	No data	0.5	0
IGHD2-15	0.002751316695986113	No data	No data	No data	No data	No data	No data	No data	No data	No data	No data	No data	No data	No data	No data	No data	No data	No data	No data	No data	No data	0.02262853524443256	No data	No data	No data	No data	No data	No data	No data	No data	No data	No data	No data	No data	No data	No data	No data	No data	0.5	0.5
BRAF	0.0025870589827929123	No data	No data	No data	No data	No data	No data	No data	No data	No data	No data	No data	No data	No data	No data	No data	No data	No data	No data	No data	No data	0.021277577916406734	No data	No data	1	0	0	1	1	1	0.6475200000000001	1	-0.8778912273390289	-0.9692752647997038	0	-1	-1	0	-1	-1
NDUFV2	0.0025870589827929123	No data	No data	No data	No data	No data	No data	No data	No data	No data	No data	No data	No data	No data	No data	No data	No data	No data	No data	No data	No data	0.021277577916406734	No data	No data	1	0	0	0	0	0	0.6184750000000001	No data	-0.09491560741821214	-0.4025761376112691	0	No data	No data	No data	0.5	-1
SLC18A1	0.0025870589827929123	No data	No data	No data	No data	No data	No data	No data	No data	No data	No data	No data	No data	No data	No data	No data	No data	No data	No data	No data	No data	0.021277577916406734	No data	No data	No data	0	0	0	1	0	0.12381000000000028	No data	0.6771202333819546	No data	0	No data	No data	-0.057142499999999964	1	0.5
POMC	0.0025870589827929123	No data	No data	No data	No data	No data	No data	No data	No data	No data	No data	No data	No data	No data	No data	No data	No data	No data	No data	No data	No data	0.021277577916406734	No data	No data	No data	0	1	0	0	0	0	No data	0.5271931652427588	-0.9252216392680074	0	No data	No data	No data	1	0
VWF	0.0022174791281082107	No data	No data	No data	No data	No data	No data	No data	No data	No data	No data	No data	No data	No data	No data	No data	No data	No data	No data	No data	No data	0.01823792392834863	No data	No data	1	0	1	0	0	0	0.16814999999999997	No data	-0.3848718483017295	-0.8472529843047327	0	No data	No data	0	-1	0
CX3CL1	0.0022174791281082107	No data	No data	No data	No data	No data	No data	No data	No data	No data	No data	No data	No data	No data	No data	No data	No data	No data	No data	No data	No data	0.01823792392834863	No data	No data	0.5	1	1	0	0	0	0	No data	-0.4398833090227131	0	0	No data	No data	0	-1	0
SLC5A3	0.0022174791281082107	No data	No data	No data	No data	No data	No data	No data	No data	No data	No data	No data	No data	No data	No data	No data	No data	No data	No data	No data	No data	0.01823792392834863	No data	No data	No data	1	0	0	0	0	0.6935949999999999	No data	-0.7218170452177537	-0.7893723941219168	0	No data	No data	0	0.5	-1
SHBG	0.0022174791281082107	No data	No data	No data	No data	No data	No data	No data	No data	No data	No data	No data	No data	No data	No data	No data	No data	No data	No data	No data	No data	0.01823792392834863	No data	No data	No data	0	1	1	1	1	0	0	0.16690977286934783	No data	0	No data	No data	0	1	0.5
SLC5A2	0.0022174791281082107	No data	No data	No data	No data	No data	No data	No data	No data	No data	No data	No data	No data	No data	No data	No data	No data	No data	No data	No data	No data	0.01823792392834863	No data	No data	1	1	0	1	1	0	0.5238100000000003	1	0.26234632215044806	-0.35088755848518866	0	No data	No data	0	1	0.5
GRM3	0.0022174791281082107	No data	No data	No data	No data	No data	No data	No data	No data	No data	No data	No data	No data	No data	No data	No data	No data	No data	No data	No data	No data	0.01823792392834863	No data	No data	0.75	1	0	1	1	0	0.83504	0	-0.6571160658470514	-0.23254160433628684	0	-1	No data	-0.17235499999999995	1	0.5
LEP	0.0022174791281082107	No data	No data	No data	No data	No data	No data	No data	No data	No data	No data	No data	No data	No data	No data	No data	No data	No data	No data	No data	No data	0.01823792392834863	No data	No data	No data	1	1	0	0	0	0.16167500000000032	No data	-0.09845801208585125	-0.9856004644788507	0	-1	No data	No data	0.75	0
CCL20	0.0022174791281082107	No data	No data	No data	No data	No data	No data	No data	No data	No data	No data	No data	No data	No data	No data	No data	No data	No data	No data	No data	No data	0.01823792392834863	No data	No data	No data	0	1	0	0	0	0	No data	0.8952906855594915	No data	0	No data	No data	0	0.75	0
SLC18A2	0.0022174791281082107	No data	No data	No data	No data	No data	No data	No data	No data	No data	No data	No data	No data	No data	No data	No data	No data	No data	No data	No data	No data	0.01823792392834863	No data	No data	1	0	0	1	1	0	0.6206249999999998	No data	-0.4845801208585122	-0.9124387881657864	0	-1	No data	-0.09046749999999992	0.5	0
NOS1	0.0022174791281082107	No data	No data	No data	No data	No data	No data	No data	No data	No data	No data	No data	No data	No data	No data	No data	No data	No data	No data	No data	No data	0.01823792392834863	No data	No data	0.75	1	0	1	1	0	0.682705	No data	-0.8993540320900187	-0.9753315501315987	0	No data	No data	0	0.75	0.5
IGHE	0.0022174791281082107	No data	No data	No data	No data	No data	No data	No data	No data	No data	No data	No data	No data	No data	No data	No data	No data	No data	No data	No data	No data	0.01823792392834863	No data	No data	1	1	1	0	0	0	0	No data	No data	0	No data	No data	No data	0	No data	No data
IL2RB	0.0022174791281082107	No data	No data	No data	No data	No data	No data	No data	No data	No data	No data	No data	No data	No data	No data	No data	No data	No data	No data	No data	No data	0.01823792392834863	No data	No data	1	1	0	0	0	0	0	No data	-0.50218795582413	-0.7368998508903792	0	No data	No data	0	0.5	0
CXCL8	0.0022174791281082107	No data	No data	No data	No data	No data	No data	No data	No data	No data	No data	No data	No data	No data	No data	No data	No data	No data	No data	No data	No data	0.01823792392834863	No data	No data	0.5	0	1	1	1	0	No data	No data	0.8795582413002709	No data	0	-1	No data	0	1	0
GRM4	0.0022174791281082107	No data	No data	No data	No data	No data	No data	No data	No data	No data	No data	No data	No data	No data	No data	No data	No data	No data	No data	No data	No data	0.01823792392834863	No data	No data	0.5	1	0	1	1	0	0.8574550000000002	0	-0.7783913315274016	No data	0	No data	No data	-0.3503299999999999	1	1
S100B	0.0022174791281082107	No data	No data	No data	No data	No data	No data	No data	No data	No data	No data	No data	No data	No data	No data	No data	No data	No data	No data	No data	No data	0.01823792392834863	No data	No data	No data	0	0	1	1	0	0.9456499999999999	No data	0.7722442175453219	-0.12511711754295884	0	No data	No data	0	1	0
TUBA8	0.0022174791281082107	No data	No data	No data	No data	No data	No data	No data	No data	No data	No data	No data	No data	No data	No data	No data	No data	No data	No data	No data	No data	0.01823792392834863	No data	No data	No data	0	0	1	1	0	0.9665900000000001	No data	0.22765159408210045	-0.62655162847784	0	No data	No data	-0.771715	0.5	0
DAO	0.0022174791281082107	No data	No data	No data	No data	No data	No data	No data	No data	No data	No data	No data	No data	No data	No data	No data	No data	No data	No data	No data	No data	0.01823792392834863	No data	No data	No data	0	0	1	1	1	0.0201749999999997	0	0.7528651802458846	-0.3041447821212137	0	No data	No data	0	0.75	0.5
HTR5A	0.0018478992734235094	No data	No data	No data	No data	No data	No data	No data	No data	No data	No data	No data	No data	No data	No data	No data	No data	No data	No data	No data	No data	0.015198269940290528	No data	No data	1	1	0	1	1	0	0.3977600000000002	0	0.14211294019587406	0	0	-1	No data	0	1	1
OXT	0.0018478992734235094	No data	No data	No data	No data	No data	No data	No data	No data	No data	No data	No data	No data	No data	No data	No data	No data	No data	No data	No data	No data	0.015198269940290528	No data	No data	No data	0	1	0	0	0	0.36000000000000015	No data	-0.22254636382579707	-0.7990581502340313	0	No data	No data	-0.2800000000000001	1	0.5
SLC6A1	0.0014783194187388072	No data	No data	No data	No data	No data	No data	No data	No data	No data	No data	No data	No data	No data	No data	No data	No data	No data	No data	No data	No data	0.012158615952232422	No data	No data	1	1	0	1	1	0	0.8998350000000002	0	-0.9414461346113774	-0.33622458439050956	0	-1	No data	0	0.75	0
KCTD12	0.0014783194187388072	No data	No data	No data	No data	No data	No data	No data	No data	No data	No data	No data	No data	No data	No data	No data	No data	No data	No data	No data	No data	0.012158615952232422	No data	No data	No data	0	0	0	0	0	0.9538449999999997	No data	0.12492185872056671	-0.12511711754295884	0	No data	No data	0	-1	-1
PRKN	0.0014783194187388072	No data	No data	No data	No data	No data	No data	No data	No data	No data	No data	No data	No data	No data	No data	No data	No data	No data	No data	No data	No data	0.012158615952232422	No data	No data	No data	0	0	0	0	0	0.1290300000000002	No data	-0.061366951448218354	-0.8687053681675652	0	No data	No data	0	0.5	0
SEZ6L	0.0014783194187388072	No data	No data	No data	No data	No data	No data	No data	No data	No data	No data	No data	No data	No data	No data	No data	No data	No data	No data	No data	No data	0.012158615952232422	No data	No data	No data	0	0	0	0	0	0.0039050000000003136	No data	-0.6654511356532611	-0.26913066249445006	0	No data	No data	0	1	0.5
GBA1	0.0014783194187388072	No data	No data	No data	No data	No data	No data	No data	No data	No data	No data	No data	No data	No data	No data	No data	No data	No data	No data	No data	No data	0.012158615952232422	No data	No data	0.5	0	0	1	1	1	0.16045000000000015	No data	-0.13554907272348404	-0.9582550712373289	0	No data	No data	No data	-1	-1
NQO1	0.0014783194187388072	No data	No data	No data	No data	No data	No data	No data	No data	No data	No data	No data	No data	No data	No data	No data	No data	No data	No data	No data	No data	0.012158615952232422	No data	No data	0.75	0	0	1	1	1	0.28832000000000024	No data	0.6200250052094187	-0.271811335505274	0	-1	No data	0	0.5	0
GBA1LP	0.0014783194187388072	No data	No data	No data	No data	No data	No data	No data	No data	No data	No data	No data	No data	No data	No data	No data	No data	No data	No data	No data	No data	0.012158615952232422	No data	No data	No data	No data	No data	No data	No data	No data	No data	No data	No data	No data	No data	No data	No data	No data	No data	No data
PTH	0.0014783194187388072	No data	No data	No data	No data	No data	No data	No data	No data	No data	No data	No data	No data	No data	No data	No data	No data	No data	No data	No data	No data	0.012158615952232422	No data	No data	No data	0	1	0	0	0	0	No data	0.7501562825588663	-0.5830277623990878	0	No data	No data	No data	1	0.5
TNFAIP3	0.0014783194187388072	No data	No data	No data	No data	No data	No data	No data	No data	No data	No data	No data	No data	No data	No data	No data	No data	No data	No data	No data	No data	0.012158615952232422	No data	No data	No data	0	0	0	0	0	0.39873499999999995	No data	-0.8903938320483434	-0.8825640198650078	0	No data	-1	0	0.5	-1