genesymbol_intercell_source,genesymbol_intercell_target,receptor_Depression_risk,ligand_Depression_risk,source,target,is_stimulation,is_inhibition,consensus_direction,consensus_stimulation,consensus_inhibition,curation_effort,references,sources,type,references_stripped,n_references,n_sources,n_primary_sources,category_intercell_source,parent_intercell_source,database_intercell_source,scope_intercell_source,aspect_intercell_source,category_source_intercell_source,uniprot_intercell_source,entity_type_intercell_source,consensus_score_intercell_source,transmitter_intercell_source,receiver_intercell_source,secreted_intercell_source,plasma_membrane_transmembrane_intercell_source,plasma_membrane_peripheral_intercell_source,category_intercell_target,parent_intercell_target,database_intercell_target,scope_intercell_target,aspect_intercell_target,category_source_intercell_target,uniprot_intercell_target,entity_type_intercell_target,consensus_score_intercell_target,transmitter_intercell_target,receiver_intercell_target,secreted_intercell_target,plasma_membrane_transmembrane_intercell_target,plasma_membrane_peripheral_intercell_target
JAG1,NOTCH2,False,True,P78504,Q04721,True,True,True,True,False,27,ACSN:22330899;ACSN:22363130;Baccin2019:10551863;Baccin2019:10958687;CellChatDB:22353464;Cellinker:10551863;Cellinker:10958687;Cellinker:22353464;HPMR:10551863;HPRD:10551863;HPRD:10958687;ICELLNET:16921404;LRdb:10551863;LRdb:11;NetPath:10958687;SIGNOR:10551863;SIGNOR:10958687;SIGNOR:18660822;SPIKE:10958687;SPIKE_LC:10958687;SignaLink3:10551863;SignaLink3:10958687;SignaLink3:18988627;SignaLink3:21071413;SignaLink3:23331499;connectomeDB2020:10551863;connectomeDB2020:10958687,ACSN;Baccin2019;CellCall;CellChatDB;CellPhoneDB;CellPhoneDB_Cellinker;CellTalkDB;Cellinker;Cui2007;DLRP_Cellinker;DLRP_talklr;Fantom5_LRdb;HPMR;HPMR_Cellinker;HPMR_LRdb;HPMR_talklr;HPRD;HPRD_LRdb;HPRD_talklr;ICELLNET;KEGG-MEDICUS;LRdb;NetPath;Ramilowski2015;Ramilowski2015_Baccin2019;SIGNOR;SPIKE;SPIKE_LC;STRING_talklr;SignaLink3;UniProt_LRdb;Wang;connectomeDB2020;iTALK;talklr,post_translational,10551863;10958687;11;16921404;18660822;18988627;21071413;22330899;22353464;22363130;23331499,11,35,22,ligand,ligand,talklr;Cellinker;connectomeDB2020;Matrisome;CellCall;iTALK;EMBRACE;HGNC;CellPhoneDB;GO_Intercell;ICELLNET;CellChatDB;CellTalkDB;Ramilowski2015;Kirouac2010;Guide2Pharma;DGIdb;LRdb;Baccin2019;OmniPath,generic,functional,resource_specific,P78504,protein,13,True,False,False,True,False,receptor,receptor,CellTalkDB;OmniPath,generic,functional,resource_specific,Q04721,protein,20,False,True,False,True,False
JAG1,NOTCH3,True,True,P78504,Q9UM47,True,True,True,True,False,25,ACSN:22330899;ACSN:22363130;Baccin2019:11006133;Baccin2019:12482954;Baccin2019:14714274;CellChatDB:22353464;CellTalkDB:22353464;Cellinker:11006133;Cellinker:12482954;Cellinker:14714274;Cellinker:22353464;HPMR:11006133;HPRD:12482954;HPRD:14714274;ICELLNET:16921404;LRdb:11006133;LRdb:12482954;LRdb:14714274;NetPath:11006133;SIGNOR:18660822;SPIKE:11006133;SPIKE_LC:11006133;connectomeDB2020:11006133;connectomeDB2020:12482954;connectomeDB2020:14714274,ACSN;Baccin2019;CellCall;CellChatDB;CellPhoneDB;CellPhoneDB_Cellinker;CellTalkDB;Cellinker;Cui2007;DLRP_Cellinker;DLRP_talklr;EMBRACE;Fantom5_LRdb;HPMR;HPMR_Cellinker;HPMR_LRdb;HPMR_talklr;HPRD;HPRD_LRdb;HPRD_talklr;ICELLNET;KEGG-MEDICUS;LRdb;NetPath;Ramilowski2015;Ramilowski2015_Baccin2019;SIGNOR;SPIKE;SPIKE_LC;STRING_talklr;UniProt_LRdb;Wang;connectomeDB2020;iTALK;talklr,post_translational,11006133;12482954;14714274;16921404;18660822;22330899;22353464;22363130,8,35,22,ligand,ligand,HGNC;CellPhoneDB;GO_Intercell;CellTalkDB;OmniPath,generic,functional,resource_specific,P78504,protein,13,True,False,False,True,False,receptor,receptor,Cellinker;scConnect;connectomeDB2020;iTALK;CellCellInteractions;EMBRACE;HGNC;CellPhoneDB;HPMR;Surfaceome;OmniPath,generic,functional,resource_specific,Q9UM47,protein,20,False,True,False,True,False
JAG2,NOTCH3,True,False,Q9Y219,Q9UM47,True,True,True,True,False,21,Baccin2019:1100613311006130;CancerCellMap:11006133;CellChatDB:22353464;CellTalkDB:22353464;Cellinker:11006133;Cellinker:22353464;HPRD:11006133;ICELLNET:16921404;LRdb:11006133;NetPath:11006133;SIGNOR:11006133;SPIKE:11006133;SPIKE:16713569;SPIKE_LC:11006133;SPIKE_LC:16713569;SignaLink3:10958687;SignaLink3:11006133;SignaLink3:18988627;SignaLink3:21071413;SignaLink3:23331499;connectomeDB2020:11006133,Baccin2019;CancerCellMap;CellCall;CellChatDB;CellPhoneDB;CellPhoneDB_Cellinker;CellTalkDB;Cellinker;Cui2007;DLRP_Cellinker;DLRP_talklr;EMBRACE;Fantom5_LRdb;HPMR_Cellinker;HPMR_LRdb;HPMR_talklr;HPRD;HPRD_LRdb;HPRD_talklr;ICELLNET;KEGG-MEDICUS;LRdb;NetPath;Ramilowski2015;Ramilowski2015_Baccin2019;SIGNOR;SPIKE;SPIKE_LC;STRING_talklr;SignaLink3;UniProt_LRdb;Wang;connectomeDB2020;iTALK;talklr,post_translational,10958687;11006133;1100613311006130;16713569;16921404;18988627;21071413;22353464;23331499,9,35,22,ligand,ligand,talklr;Cellinker;connectomeDB2020;iTALK;EMBRACE;CellPhoneDB;HPMR;CellChatDB;CellTalkDB;Ramilowski2015;LRdb;Baccin2019;OmniPath,generic,functional,resource_specific,Q9Y219,protein,11,True,False,False,True,False,receptor,receptor,scConnect;OmniPath,generic,functional,resource_specific,Q9UM47,protein,20,False,True,False,True,False
DLL1,NOTCH3,True,False,O00548,Q9UM47,True,False,True,True,False,19,Baccin2019:11006133;Baccin2019:12482954;CancerCellMap:11006133;CellChatDB:22353464;CellTalkDB:12482954;Cellinker:11006133;Cellinker:12482954;Cellinker:22353464;HPRD:11006133;HPRD:12482954;ICELLNET:21685328;LRdb:11;LRdb:12482954;NetPath:11006133;SIGNOR:11006133;SPIKE:11006133;SPIKE_LC:11006133;connectomeDB2020:11006133;connectomeDB2020:12482954,Baccin2019;CancerCellMap;CellCall;CellChatDB;CellPhoneDB;CellPhoneDB_Cellinker;CellTalkDB;Cellinker;Cui2007;DLRP_Cellinker;DLRP_talklr;EMBRACE;Fantom5_LRdb;HPRD;HPRD_LRdb;HPRD_talklr;ICELLNET;KEGG-MEDICUS;LRdb;NetPath;Ramilowski2015;Ramilowski2015_Baccin2019;SIGNOR;SPIKE;SPIKE_LC;STRING_talklr;UniProt_LRdb;Wang;Wojtowicz2020;connectomeDB2020;iTALK;talklr,post_translational,11;11006133;12482954;21685328;22353464,5,32,22,ligand,ligand,talklr;Cellinker;connectomeDB2020;CellCall;iTALK;CellPhoneDB;GO_Intercell;HPMR;CellChatDB;CellTalkDB;Ramilowski2015;Guide2Pharma;DGIdb;LRdb;Baccin2019;OmniPath,generic,functional,resource_specific,O00548,protein,11,True,False,False,True,False,receptor,receptor,Cellinker;scConnect;connectomeDB2020;CellCellInteractions;HGNC;CellPhoneDB;CellChatDB;CellTalkDB;OmniPath,generic,functional,resource_specific,Q9UM47,protein,20,False,True,False,True,False
EFNA5,EPHA5,False,True,P52803,P54756,True,False,True,True,False,17,Baccin2019:9330863;CellChatDB:15114347;Cellinker:10531456;Cellinker:15114347;Cellinker:9330863;HPMR:9330863;HPRD:10531456;ICELLNET:15114347;ICELLNET:24003208;LRdb:11114742;SIGNOR:9330863;SignaLink3:10531456;SignaLink3:18988627;SignaLink3:23331499;SignaLink3:9267020;connectomeDB2020:10531456;connectomeDB2020:9330863,Baccin2019;CellCall;CellChatDB;CellPhoneDB;CellPhoneDB_Cellinker;CellTalkDB;Cellinker;DLRP_Cellinker;DLRP_talklr;EMBRACE;Fantom5_LRdb;HPMR;HPMR_Cellinker;HPMR_LRdb;HPMR_talklr;HPRD;HPRD_LRdb;HPRD_talklr;ICELLNET;LRdb;Ramilowski2015;Ramilowski2015_Baccin2019;SIGNOR;STRING_talklr;SignaLink3;Wang;connectomeDB2020;iTALK;talklr,post_translational,10531456;11114742;15114347;18988627;23331499;24003208;9267020;9330863,8,29,18,ligand,ligand,talklr;Cellinker;scConnect;connectomeDB2020;Matrisome;CellCall;iTALK;CellPhoneDB;GO_Intercell;ICELLNET;CellChatDB;CellTalkDB;Ramilowski2015;Kirouac2010;Guide2Pharma;DGIdb;LRdb;OmniPath,generic,functional,resource_specific,P52803,protein,11,True,False,False,True,True,receptor,receptor,scConnect;iTALK;CellCellInteractions;HGNC;CellPhoneDB;HPMR;CellTalkDB;Surfaceome;LRdb;OmniPath,generic,functional,resource_specific,P54756,protein,20,False,True,False,True,False
EFNA5,EPHA6,False,True,P52803,Q9UF33,True,False,True,True,False,7,Baccin2019:9330863;CellTalkDB:11114742;Cellinker:9330863;LRdb:11114742;SignaLink3:23331499;SignaLink3:9576626;connectomeDB2020:9330863,Baccin2019;CellCall;CellTalkDB;Cellinker;EMBRACE;Fantom5_LRdb;HPMR_Cellinker;HPMR_LRdb;HPMR_talklr;LRdb;Ramilowski2015;Ramilowski2015_Baccin2019;STRING_talklr;SignaLink3;Wang;connectomeDB2020;iTALK;talklr,post_translational,11114742;23331499;9330863;9576626,4,18,12,ligand,ligand,talklr;Cellinker;scConnect;connectomeDB2020;Matrisome;CellCall;iTALK;EMBRACE;HGNC;CellPhoneDB;GO_Intercell;HPMR;ICELLNET;CellChatDB;CellTalkDB;Ramilowski2015;Kirouac2010;Guide2Pharma;LRdb;Baccin2019;OmniPath,generic,functional,resource_specific,P52803,protein,11,True,False,False,True,True,receptor,receptor,talklr;Cellinker;scConnect;connectomeDB2020;CellCall;iTALK;Almen2009;CellCellInteractions;EMBRACE;HGNC;CellPhoneDB;GO_Intercell;HPMR;ICELLNET;CellChatDB;CellTalkDB;Surfaceome;Ramilowski2015;LRdb;Baccin2019;SignaLink_function;OmniPath,generic,functional,resource_specific,Q9UF33,protein,15,False,True,False,True,False
EFNA5,EPHA7,False,True,P52803,Q15375,True,False,True,True,False,14,Baccin2019:10366629;BioGRID:10366629;CellChatDB:15114347;Cellinker:10366629;Cellinker:15114347;HPRD:10366629;ICELLNET:15114347;ICELLNET:24003208;LRdb:11114742;SignaLink3:10366629;SignaLink3:18988627;SignaLink3:23331499;SignaLink3:9576626;connectomeDB2020:10366629,Baccin2019;BioGRID;CellCall;CellChatDB;CellPhoneDB;CellPhoneDB_Cellinker;CellTalkDB;Cellinker;DLRP_Cellinker;DLRP_talklr;EMBRACE;Fantom5_LRdb;HPRD;HPRD_LRdb;HPRD_talklr;ICELLNET;LRdb;Ramilowski2015;Ramilowski2015_Baccin2019;STRING_talklr;SignaLink3;Wang;connectomeDB2020;iTALK;talklr,post_translational,10366629;11114742;15114347;18988627;23331499;24003208;9576626,7,25,17,ligand,ligand,CellPhoneDB;OmniPath,generic,functional,resource_specific,P52803,protein,11,True,False,False,True,True,receptor,receptor,talklr;Cellinker;scConnect;connectomeDB2020;iTALK;Almen2009;CellCellInteractions;EMBRACE;CellPhoneDB;GO_Intercell;HPMR;ICELLNET;CellTalkDB;Surfaceome;Ramilowski2015;LRdb;OmniPath,generic,functional,resource_specific,Q15375,protein,19,False,True,False,True,False
EFNA5,EPHA4,False,True,P52803,P54764,True,False,True,True,False,19,Baccin2019:9330863;CellChatDB:15114347;Cellinker:15114347;DIP:19836338;DIP:23812375;HPMR:9330863;HPRD:8755474;ICELLNET:15114347;ICELLNET:24003208;IntAct:19836338;IntAct:23812375;LRdb:11114742;SIGNOR:9330863;SignaLink3:18988627;SignaLink3:23331499;SignaLink3:8755474;SignaLink3:9576626;connectomeDB2020:8755474;connectomeDB2020:9330863,Baccin2019;CellCall;CellChatDB;CellPhoneDB;CellPhoneDB_Cellinker;CellTalkDB;Cellinker;DIP;DLRP_Cellinker;DLRP_talklr;EMBRACE;Fantom5_LRdb;HPMR;HPMR_Cellinker;HPMR_LRdb;HPMR_talklr;HPRD;HPRD_LRdb;HPRD_talklr;ICELLNET;IntAct;LRdb;Ramilowski2015;Ramilowski2015_Baccin2019;SIGNOR;STRING_talklr;SignaLink3;Wang;connectomeDB2020;iTALK;talklr,post_translational,11114742;15114347;18988627;19836338;23331499;23812375;24003208;8755474;9330863;9576626,10,31,20,ligand,ligand,talklr;Cellinker;scConnect;connectomeDB2020;Matrisome;CellCall;iTALK;EMBRACE;CellPhoneDB;GO_Intercell;HPMR;ICELLNET;CellChatDB;CellTalkDB;Ramilowski2015;Guide2Pharma;DGIdb;LRdb;Baccin2019;SignaLink_function;OmniPath,generic,functional,resource_specific,P52803,protein,11,True,False,False,True,True,receptor,receptor,talklr;Cellinker;scConnect;connectomeDB2020;CellCall;iTALK;Almen2009;CellCellInteractions;EMBRACE;HGNC;CellPhoneDB;HPMR;ICELLNET;CellChatDB;CellTalkDB;Surfaceome;Ramilowski2015;Kirouac2010;Guide2Pharma;LRdb;Baccin2019;OmniPath,generic,functional,resource_specific,P54764,protein,20,False,True,False,True,False
EFNA5,EPHA3,False,True,P52803,P29320,True,False,True,True,False,30,Baccin2019:9195962;Baccin2019:9245480;Baccin2019:9330863;Baccin2019:9751130;BioGRID:9245480;CellChatDB:15114347;Cellinker:15114347;Cellinker:9195962;Cellinker:9245480;Cellinker:9330863;Cellinker:9751130;HPMR:9330863;HPRD:9195962;HPRD:9245480;HPRD:9751130;ICELLNET:15114347;ICELLNET:24003208;LRdb:11114742;SIGNOR:9330863;SignaLink3:18988627;SignaLink3:21071413;SignaLink3:23331499;SignaLink3:9195962;SignaLink3:9245480;SignaLink3:9576626;SignaLink3:9751130;connectomeDB2020:9195962;connectomeDB2020:9245480;connectomeDB2020:9330863;connectomeDB2020:9751130,Baccin2019;BioGRID;CellCall;CellChatDB;CellPhoneDB;CellPhoneDB_Cellinker;CellTalkDB;Cellinker;DLRP_Cellinker;DLRP_talklr;EMBRACE;Fantom5_LRdb;HPMR;HPMR_Cellinker;HPMR_LRdb;HPMR_talklr;HPRD;HPRD_LRdb;HPRD_talklr;ICELLNET;LRdb;Ramilowski2015;Ramilowski2015_Baccin2019;SIGNOR;STRING_talklr;SignaLink3;Wang;connectomeDB2020;iTALK;talklr,post_translational,11114742;15114347;18988627;21071413;23331499;24003208;9195962;9245480;9330863;9576626;9751130,11,30,19,ligand,ligand,talklr;connectomeDB2020;iTALK;EMBRACE;CellPhoneDB;ICELLNET;CellTalkDB;Ramilowski2015;LRdb;Baccin2019;OmniPath,generic,functional,resource_specific,P52803,protein,11,True,False,False,True,True,receptor,receptor,scConnect;OmniPath,generic,functional,resource_specific,P29320,protein,19,False,True,True,True,False
CSF1,CSF3R,True,False,P09603,Q99062,True,False,True,True,False,3,SIGNOR:16492764;SignaLink3:16492764;SignaLink3:23331499,SIGNOR;SignaLink3,post_translational,16492764;23331499,2,2,2,ligand,ligand,talklr;Cellinker;scConnect;connectomeDB2020;Matrisome;CellCall;iTALK;EMBRACE;HGNC;CellPhoneDB;GO_Intercell;HPMR;ICELLNET;CellChatDB;CellTalkDB;Ramilowski2015;Kirouac2010;Guide2Pharma;DGIdb;LRdb;Baccin2019;SignaLink_function;OmniPath,generic,functional,resource_specific,P09603,protein,20,True,False,True,True,False,receptor,receptor,talklr;Cellinker;scConnect;connectomeDB2020;CellCall;iTALK;Almen2009;CellCellInteractions;EMBRACE;HGNC;CellPhoneDB;GO_Intercell;HPMR;ICELLNET;CellChatDB;CellTalkDB;Surfaceome;Ramilowski2015;Kirouac2010;Guide2Pharma;LRdb;Baccin2019;SignaLink_function;OmniPath,generic,functional,resource_specific,Q99062,protein,22,False,True,True,True,False
BDNF,NTRK2,True,False,P23560,Q16620,True,False,True,True,False,28,AlzPathway:9775403;Baccin2019:76445409312147;BioGRID:21651720;BioGRID:9312147;CA1:1645620;CA1:9648856;CellChatDB:27908981;CellTalkDB:7644540;Cellinker:27908981;Cellinker:7644540;Cellinker:9312147;DIP:9312147;HPMR:7644540;HPRD:9312147;LRdb:7644540;LRdb:931;Lit-BM-17:11855816;Lit-BM-17:21651720;Lit-BM-17:9312147;ProtMapper:21849472;ProtMapper:26740873;ProtMapper:26899129;ProtMapper:28679669;SIGNOR:7679912;SignaLink3:23331499;SignaLink3:9312147;connectomeDB2020:7644540;connectomeDB2020:9312147,AlzPathway;Baccin2019;BioGRID;CA1;CellCall;CellChatDB;CellPhoneDB;CellTalkDB;Cellinker;Cui2007;DIP;DLRP_Cellinker;DLRP_talklr;EMBRACE;Fantom5_LRdb;HPMR;HPMR_Cellinker;HPMR_LRdb;HPMR_talklr;HPRD;HPRD_LRdb;HPRD_talklr;LRdb;Lit-BM-17;ProtMapper;REACH_ProtMapper;Ramilowski2015;Ramilowski2015_Baccin2019;SIGNOR;STRING_talklr;SignaLink3;Sparser_ProtMapper;UniProt_LRdb;Wang;connectomeDB2020;iTALK;talklr,post_translational,11855816;1645620;21651720;21849472;23331499;26740873;26899129;27908981;28679669;7644540;76445409312147;7679912;931;9312147;9648856;9775403,16,37,24,ligand,ligand,CellTalkDB;LRdb;OmniPath,generic,functional,resource_specific,P23560,protein,21,True,False,True,False,False,receptor,receptor,scConnect;OmniPath,generic,functional,resource_specific,Q16620,protein,18,False,True,False,True,False
MDK,ALK,False,True,P21741,Q9UM73,True,False,True,True,False,11,Baccin2019:1212200912122000;CellChatDB:19459784;CellTalkDB:12122009;Cellinker:19459784;HPMR:12122009;HPRD:12122009;ICELLNET:12122009;LRdb:12122009;SignaLink3:12122009;SignaLink3:23331499;connectomeDB2020:12122009,Baccin2019;CellChatDB;CellPhoneDB;CellTalkDB;Cellinker;EMBRACE;Fantom5_LRdb;HPMR;HPMR_Cellinker;HPMR_LRdb;HPMR_talklr;HPRD;HPRD_LRdb;HPRD_talklr;ICELLNET;LRdb;Ramilowski2015;Ramilowski2015_Baccin2019;SignaLink3;Wang;connectomeDB2020;iTALK;talklr,post_translational,12122009;1212200912122000;19459784;23331499,4,23,16,ligand,ligand,talklr;Cellinker;connectomeDB2020;iTALK;CellTalkDB;Ramilowski2015;LRdb;OmniPath,generic,functional,resource_specific,P21741,protein,17,True,False,True,False,False,receptor,receptor,Cellinker;Almen2009;CellCellInteractions;GO_Intercell;Surfaceome;OmniPath,generic,functional,resource_specific,Q9UM73,protein,17,False,True,False,True,False
CRH,CRHR1,True,False,P06850,P34998,True,False,True,True,False,52,Baccin2019:11123370;Baccin2019:7477349;Baccin2019:7692441;Baccin2019:8536644;Baccin2019:8612563;Baccin2019:9178757;Baccin2019:9326293;Baccin2019:9851694;BioGRID:10598591;BioGRID:19124613;CellTalkDB:11123370;Cellinker:11123370;Cellinker:7477349;Cellinker:7692441;Cellinker:8536644;Cellinker:8612563;Cellinker:9178757;Cellinker:9326293;Cellinker:9851694;Guide2Pharma:11123370;Guide2Pharma:7477349;Guide2Pharma:7692441;Guide2Pharma:8612563;Guide2Pharma:9326293;Guide2Pharma:9851694;HPMR:8536644;HPRD:9178757;IntAct:18801728;IntAct:20966082;LRdb:11123370;LRdb:7477349;LRdb:7692441;LRdb:8536644;LRdb:8612563;LRdb:9178757;LRdb:9326293;LRdb:9851694;SIGNOR:11416224;connectomeDB2020:11123370;connectomeDB2020:7477349;connectomeDB2020:7692441;connectomeDB2020:8536644;connectomeDB2020:8612563;connectomeDB2020:9178757;connectomeDB2020:9326293;connectomeDB2020:9851694;scConnect:11123370;scConnect:7477349;scConnect:7692441;scConnect:8612563;scConnect:9326293;scConnect:9851694,Baccin2019;BioGRID;CellCall;CellChatDB;CellPhoneDB;CellTalkDB;Cellinker;EMBRACE;Fantom5_LRdb;Guide2Pharma;Guide2Pharma_Cellinker;Guide2Pharma_LRdb;Guide2Pharma_talklr;HPMR;HPMR_Cellinker;HPMR_LRdb;HPMR_talklr;HPRD;HPRD_LRdb;HPRD_talklr;IntAct;KEGG-MEDICUS;LRdb;Ramilowski2015;Ramilowski2015_Baccin2019;SIGNOR;STRING_talklr;Wang;connectomeDB2020;iTALK;scConnect;talklr,post_translational,10598591;11123370;11416224;18801728;19124613;20966082;7477349;7692441;8536644;8612563;9178757;9326293;9851694,13,32,21,ligand,ligand,talklr;Cellinker;scConnect;connectomeDB2020;Matrisome;CellCall;iTALK;EMBRACE;HGNC;CellPhoneDB;GO_Intercell;HPMR;ICELLNET;CellChatDB;CellTalkDB;Ramilowski2015;Kirouac2010;Guide2Pharma;DGIdb;LRdb;Baccin2019;SignaLink_function;OmniPath,generic,functional,resource_specific,P06850,protein,17,True,False,True,False,False,receptor,receptor,GO_Intercell;OmniPath,generic,functional,resource_specific,P34998,protein,18,False,True,False,True,False
OSTN,NPR3,True,False,P61366,P17342,False,True,True,False,True,9,Baccin2019:17951249;CellChatDB:29326144;CellTalkDB:17951249;Cellinker:17951249;Cellinker:29326144;Guide2Pharma:17951249;LRdb:17951249;connectomeDB2020:17951249;scConnect:17951249,Baccin2019;CellChatDB;CellTalkDB;Cellinker;EMBRACE;Fantom5_LRdb;Guide2Pharma;Guide2Pharma_Cellinker;Guide2Pharma_LRdb;Guide2Pharma_talklr;LRdb;Ramilowski2015;Ramilowski2015_Baccin2019;connectomeDB2020;iTALK;scConnect;talklr,post_translational,17951249;29326144,2,17,12,ligand,ligand,talklr;Cellinker;connectomeDB2020;iTALK;EMBRACE;HGNC;GO_Intercell;CellTalkDB;Ramilowski2015;DGIdb;LRdb;Baccin2019;OmniPath,generic,functional,resource_specific,P61366,protein,14,True,False,True,False,False,receptor,receptor,,generic,functional,resource_specific,P17342,protein,16,False,True,False,True,False
TAC1,TACR3,True,False,P20366,P29371,True,False,True,True,False,29,Baccin2019:10189055;Baccin2019:10866201;Baccin2019:11226387;Baccin2019:1312036;Baccin2019:2176308;Baccin2019:7557266;Baccin2019:8990205;Baccin2019:9190866;Baccin2019:9272936;CellTalkDB:9272936;Cellinker:11226387;Cellinker:1312036;Cellinker:9190866;Cellinker:9272936;Guide2Pharma:11226387;Guide2Pharma:1312036;Guide2Pharma:9190866;HPRD:9272936;LRdb:11226387;LRdb:1312036;LRdb:9190866;LRdb:9272936;connectomeDB2020:11226387;connectomeDB2020:1312036;connectomeDB2020:9190866;connectomeDB2020:9272936;scConnect:11226387;scConnect:1312036;scConnect:9190866,Baccin2019;CellPhoneDB;CellTalkDB;Cellinker;EMBRACE;Fantom5_LRdb;Guide2Pharma;Guide2Pharma_Cellinker;Guide2Pharma_LRdb;Guide2Pharma_talklr;HPMR_Cellinker;HPMR_LRdb;HPMR_talklr;HPRD;HPRD_LRdb;HPRD_talklr;LRdb;Ramilowski2015;Ramilowski2015_Baccin2019;STRING_talklr;Wang;connectomeDB2020;iTALK;scConnect;talklr,post_translational,10189055;10866201;11226387;1312036;2176308;7557266;8990205;9190866;9272936,9,25,14,ligand,ligand,Cellinker;CellTalkDB;OmniPath,generic,functional,resource_specific,P20366,protein,15,True,False,True,False,False,receptor,receptor,,generic,functional,resource_specific,P29371,protein,17,False,True,False,False,False
TAC3,TACR3,True,False,Q9UHF0,P29371,True,False,True,True,False,40,Baccin2019:10189055;Baccin2019:10866201;Baccin2019:11226387;Baccin2019:1312036;Baccin2019:2176308;Baccin2019:7557266;Baccin2019:8990205;Baccin2019:9190866;CellTalkDB:11226387;Cellinker:10189055;Cellinker:10866201;Cellinker:11226387;Cellinker:1312036;Cellinker:2176308;Cellinker:7557266;Cellinker:8990205;Cellinker:9190866;Guide2Pharma:11226387;Guide2Pharma:1312036;Guide2Pharma:2176308;Guide2Pharma:9190866;HPRD:10189055;HPRD:10866201;HPRD:8990205;LRdb:10189055;LRdb:10866201;LRdb:11226387;LRdb:1312036;LRdb:2176308;LRdb:7557266;LRdb:8990205;LRdb:9190866;connectomeDB2020:10189055;connectomeDB2020:10866201;connectomeDB2020:11226387;connectomeDB2020:1312036;connectomeDB2020:2176308;connectomeDB2020:7557266;connectomeDB2020:8990205;connectomeDB2020:9190866,Baccin2019;CellChatDB;CellPhoneDB;CellTalkDB;Cellinker;EMBRACE;Fantom5_LRdb;Guide2Pharma;Guide2Pharma_Cellinker;Guide2Pharma_LRdb;Guide2Pharma_talklr;HPMR_Cellinker;HPMR_LRdb;HPMR_talklr;HPRD;HPRD_LRdb;HPRD_talklr;KEGG-MEDICUS;LRdb;Ramilowski2015;Ramilowski2015_Baccin2019;STRING_talklr;Wang;connectomeDB2020;iTALK;talklr,post_translational,10189055;10866201;11226387;1312036;2176308;7557266;8990205;9190866,8,26,15,ligand,ligand,Cellinker;CellTalkDB;OmniPath,generic,functional,resource_specific,Q9UHF0,protein,13,True,False,True,False,False,receptor,receptor,,generic,functional,resource_specific,P29371,protein,17,False,True,False,False,False
NXPH1,NRXN1,True,False,P58417,P58400,True,False,True,True,False,12,Baccin2019:8699246;Baccin2019:9856994;Cellinker:8699246;Cellinker:9856994;HPMR:9856994;HPRD:8699246;HPRD:9856994;LRdb:8699246;LRdb:9856994;SIGNOR:9856994;connectomeDB2020:8699246;connectomeDB2020:9856994,Baccin2019;CellTalkDB;Cellinker;EMBRACE;Fantom5_LRdb;HPMR;HPMR_Cellinker;HPMR_LRdb;HPMR_talklr;HPRD;HPRD_LRdb;HPRD_talklr;LRdb;Ramilowski2015;Ramilowski2015_Baccin2019;SIGNOR;Wang;connectomeDB2020;iTALK;talklr,post_translational,8699246;9856994,2,20,13,ligand,ligand,talklr;Cellinker;scConnect;connectomeDB2020;Matrisome;CellCall;iTALK;EMBRACE;HGNC;CellPhoneDB;GO_Intercell;HPMR;ICELLNET;CellChatDB;CellTalkDB;Ramilowski2015;Kirouac2010;Guide2Pharma;DGIdb;LRdb;Baccin2019;SignaLink_function;OmniPath,generic,functional,resource_specific,P58417,protein,10,True,False,True,False,False,receptor,receptor,,generic,functional,resource_specific,P58400,protein,13,False,True,False,True,False
APOE,VLDLR,False,True,P02649,P98155,True,False,True,True,False,13,AlzPathway:16504486;Baccin2019:12167620;Baccin2019:12870663;CellTalkDB:12870663;Cellinker:12167620;Cellinker:12870663;DIP:19116273;HPRD:12167620;LRdb:12;LRdb:12870663;SIGNOR:11278667;connectomeDB2020:12167620;connectomeDB2020:12870663,AlzPathway;Baccin2019;CellTalkDB;Cellinker;DIP;EMBRACE;Fantom5_LRdb;HPMR_Cellinker;HPMR_LRdb;HPMR_talklr;HPRD;HPRD_LRdb;HPRD_talklr;LRdb;Ramilowski2015;Ramilowski2015_Baccin2019;SIGNOR;STRING_talklr;Wang;connectomeDB2020;iTALK;talklr,post_translational,11278667;12;12167620;12870663;16504486;19116273,6,22,14,ligand,ligand,talklr;scConnect;connectomeDB2020;iTALK;CellPhoneDB;HPMR;CellChatDB;CellTalkDB;Ramilowski2015;Guide2Pharma;LRdb;Baccin2019;OmniPath,generic,functional,resource_specific,P02649,protein,12,True,False,True,False,False,receptor,receptor,,generic,functional,resource_specific,P98155,protein,15,False,True,False,True,False
NLGN1,NRXN1,True,True,Q8N2Q7,P58400,True,False,True,True,False,15,Baccin2019:14522992;Baccin2019:8576240;BioGRID:12796785;BioGRID:14522992;BioGRID:8576240;CellTalkDB:8576240;Cellinker:14522992;Cellinker:8576240;HPRD:14522992;HPRD:8576240;LRdb:145;LRdb:8576240;SIGNOR:18923512;connectomeDB2020:14522992;connectomeDB2020:8576240,Baccin2019;BioGRID;CellTalkDB;Cellinker;EMBRACE;Fantom5_LRdb;HPMR_Cellinker;HPMR_LRdb;HPMR_talklr;HPRD;HPRD_LRdb;HPRD_talklr;LRdb;Ramilowski2015;Ramilowski2015_Baccin2019;SIGNOR;STRING_talklr;Wang;connectomeDB2020;iTALK;talklr,post_translational,12796785;145;14522992;18923512;8576240,5,21,13,ligand,ligand,CellCall;ICELLNET;LRdb;OmniPath,generic,functional,resource_specific,Q8N2Q7,protein,7,True,False,True,True,False,receptor,receptor,,generic,functional,resource_specific,P58400,protein,13,False,True,False,True,False
FGF5,FGFR2,False,True,P12034,P21802,True,False,True,True,False,12,Baccin2019:838682811876253;CellTalkDB:16597617;Cellinker:11876253;Cellinker:16597617;Cellinker:25772309;Cellinker:8386828;HPRD:11876253;ICELLNET:25772309;LRdb:16597617;SIGNOR:8386828;connectomeDB2020:11876253;connectomeDB2020:8386828,Baccin2019;CellCall;CellChatDB;CellTalkDB;Cellinker;DLRP_Cellinker;DLRP_talklr;EMBRACE;Fantom5_LRdb;HPMR_Cellinker;HPMR_LRdb;HPMR_talklr;HPRD;HPRD_LRdb;HPRD_talklr;ICELLNET;LRdb;Ramilowski2015;Ramilowski2015_Baccin2019;SIGNOR;Wang;connectomeDB2020;iTALK;talklr,post_translational,11876253;16597617;25772309;8386828;838682811876253,5,24,15,ligand,ligand,talklr;Cellinker;connectomeDB2020;CellCall;iTALK;EMBRACE;HGNC;ICELLNET;CellTalkDB;Ramilowski2015;LRdb;Baccin2019;OmniPath,generic,functional,resource_specific,P12034,protein,17,True,False,True,False,False,receptor,receptor,,generic,functional,resource_specific,P21802,protein,20,False,True,True,True,False
NLGN3,NRXN1,True,False,Q9NZ94,P58400,True,False,True,True,False,12,Baccin2019:8576240;Baccin2019:9325340;CellTalkDB:8576240;Cellinker:8576240;Cellinker:9325340;HPRD:8576240;HPRD:9325340;LRdb:8576240;LRdb:933;SIGNOR:18923512;connectomeDB2020:8576240;connectomeDB2020:9325340,Baccin2019;CellTalkDB;Cellinker;EMBRACE;Fantom5_LRdb;HPMR_Cellinker;HPMR_LRdb;HPMR_talklr;HPRD;HPRD_LRdb;HPRD_talklr;LRdb;Ramilowski2015;Ramilowski2015_Baccin2019;SIGNOR;STRING_talklr;Wang;connectomeDB2020;iTALK;talklr,post_translational,18923512;8576240;9325340;933,4,20,12,ligand,ligand,Cellinker;connectomeDB2020;Matrisome;CellCall;HGNC;CellPhoneDB;GO_Intercell;ICELLNET;CellChatDB;CellTalkDB;Kirouac2010;OmniPath,generic,functional,resource_specific,Q9NZ94,protein,6,True,False,False,True,False,receptor,receptor,,generic,functional,resource_specific,P58400,protein,13,False,True,False,True,False
NLGN4X,NRXN1,True,False,Q8N0W4,P58400,True,False,True,True,False,2,SIGNOR:18923512;connectomeDB2020:20543817,SIGNOR;connectomeDB2020,post_translational,18923512;20543817,2,2,2,ligand,ligand,CellCall;ICELLNET;OmniPath,generic,functional,composite,Q8N0W4,protein,0,True,False,False,True,False,receptor,receptor,,generic,functional,resource_specific,P58400,protein,13,False,True,False,True,False
FGF5,FGFR1,False,True,P12034,P11362,True,False,True,True,False,10,Baccin2019:83868288386828;CellTalkDB:16597617;Cellinker:16597617;Cellinker:25772309;DIP:8386828;HPRD:8386828;ICELLNET:25772309;LRdb:16597617;SIGNOR:8386828;connectomeDB2020:8386828,Baccin2019;CellCall;CellChatDB;CellPhoneDB;CellTalkDB;Cellinker;DIP;DLRP_Cellinker;DLRP_talklr;EMBRACE;Fantom5_LRdb;HPMR_Cellinker;HPMR_LRdb;HPMR_talklr;HPRD;HPRD_LRdb;HPRD_talklr;ICELLNET;LRdb;Ramilowski2015;Ramilowski2015_Baccin2019;SIGNOR;Wang;connectomeDB2020;iTALK;talklr,post_translational,16597617;25772309;8386828;83868288386828,4,26,17,ligand,ligand,,generic,functional,resource_specific,P12034,protein,17,True,False,True,False,False,receptor,receptor,,generic,functional,resource_specific,P11362,protein,19,False,True,False,True,False
NLGN1,NRXN3,False,True,Q8N2Q7,Q9HDB5,True,False,True,True,False,5,CellTalkDB:8576240;Cellinker:8576240;LRdb:8576240;SIGNOR:18923512;connectomeDB2020:8576240,CellPhoneDB;CellTalkDB;Cellinker;Fantom5_LRdb;HPMR_Cellinker;HPMR_LRdb;HPMR_talklr;LRdb;Ramilowski2015;SIGNOR;Wang;connectomeDB2020;iTALK;talklr,post_translational,18923512;8576240,2,14,10,ligand,ligand,,generic,functional,resource_specific,Q8N2Q7,protein,7,True,False,True,True,False,receptor,receptor,,generic,functional,resource_specific,Q9HDB5,protein,10,False,True,False,True,False
NTN1,DCC,True,False,O95631,P43146,True,False,True,True,False,28,Baccin2019:10399920;Baccin2019:12810718;Baccin2019:8861902;Baccin2019:9950216;BioGRID:12810718;BioGRID:9950216;CellTalkDB:8861902;Cellinker:10399920;Cellinker:12810718;Cellinker:8861902;Cellinker:9950216;DIP:19721007;HPMR:11239160;HPMR:12810718;HPMR:8861902;HPRD:12810718;HPRD:9950216;IntAct:19721007;IntAct:26190107;LRdb:10399920;LRdb:12810718;LRdb:8861902;LRdb:9950216;SIGNOR:25881791;connectomeDB2020:10399920;connectomeDB2020:12810718;connectomeDB2020:8861902;connectomeDB2020:9950216,Baccin2019;BioGRID;CellPhoneDB;CellTalkDB;Cellinker;DIP;EMBRACE;Fantom5_LRdb;HPMR;HPMR_Cellinker;HPMR_LRdb;HPMR_talklr;HPRD;HPRD_LRdb;HPRD_talklr;IntAct;LRdb;Ramilowski2015;Ramilowski2015_Baccin2019;SIGNOR;STRING_talklr;Wang;connectomeDB2020;iTALK;talklr,post_translational,10399920;11239160;12810718;19721007;25881791;26190107;8861902;9950216,8,25,17,ligand,ligand,,generic,functional,resource_specific,O95631,protein,12,True,False,True,False,False,receptor,receptor,,generic,functional,resource_specific,P43146,protein,15,False,True,False,True,False
APOE,LDLR,False,True,P02649,P01130,True,False,True,True,False,16,Baccin2019:11327878;Baccin2019:12036960;CellTalkDB:11327878;Cellinker:11327878;Cellinker:12036962;Cellinker:15840700;Cellinker:31677479;HPRD:12036962;ICELLNET:24447298;IntAct:20030366;IntAct:24447298;LRdb:11327878;LRdb:12;Lit-BM-17:24447298;connectomeDB2020:11327878;connectomeDB2020:12036962,Baccin2019;CellTalkDB;Cellinker;EMBRACE;Fantom5_LRdb;HPMR_Cellinker;HPMR_LRdb;HPMR_talklr;HPRD;HPRD_LRdb;HPRD_talklr;ICELLNET;IntAct;LRdb;Lit-BM-17;Ramilowski2015;Ramilowski2015_Baccin2019;Reactome_LRdb;STRING_talklr;Wang;connectomeDB2020;iTALK;talklr,post_translational,11327878;12;12036960;12036962;15840700;20030366;24447298;31677479,8,23,14,ligand,ligand,,generic,functional,resource_specific,P02649,protein,12,True,False,True,False,False,receptor,receptor,,generic,functional,resource_specific,P01130,protein,15,False,True,False,True,False
APOE,LSR,False,True,P02649,Q86X29,False,False,False,False,False,2,Cellinker:7615497;ICELLNET:29178324,CellTalkDB;Cellinker;ICELLNET,post_translational,29178324;7615497,2,3,3,ligand,ligand,,generic,functional,resource_specific,P02649,protein,12,True,False,True,False,False,receptor,receptor,,generic,functional,resource_specific,Q86X29,protein,11,False,True,False,True,False
APOE,SCARB1,False,True,P02649,Q8WTV0,False,False,False,False,False,7,Baccin2019:12138091;CellTalkDB:12138091;Cellinker:12138091;HPRD:12138091;ICELLNET:12138091;LRdb:12138091;connectomeDB2020:12138091,Baccin2019;CellTalkDB;Cellinker;EMBRACE;Fantom5_LRdb;HPRD;HPRD_LRdb;HPRD_talklr;ICELLNET;LRdb;Ramilowski2015;Ramilowski2015_Baccin2019;STRING_talklr;connectomeDB2020;iTALK;talklr,post_translational,12138091,1,16,11,ligand,ligand,,generic,functional,resource_specific,P02649,protein,12,True,False,True,False,False,receptor,receptor,,generic,functional,resource_specific,Q8WTV0,protein,16,False,True,False,True,False
DCN,ERBB4,True,False,P07585,Q15303,False,False,False,False,False,7,CellTalkDB:10942781;Cellinker:10942781;ICELLNET:10942781;LRdb:10942781;Ramilowski2015:10942781;connectomeDB2020:10942781;talklr:10942781,Baccin2019;CellCall;CellTalkDB;Cellinker;EMBRACE;Fantom5_LRdb;ICELLNET;LRdb;Ramilowski2015;Ramilowski2015_Baccin2019;STRING_talklr;connectomeDB2020;iTALK;talklr,post_translational,10942781,1,14,11,ligand,ligand,,generic,functional,resource_specific,P07585,protein,10,True,False,True,False,False,receptor,receptor,,generic,functional,resource_specific,Q15303,protein,21,False,True,False,True,False
DLL3,NOTCH3,True,False,Q9NYJ7,Q9UM47,True,False,True,True,False,7,CellChatDB:22353464;CellTalkDB:22353464;Cellinker:22353464;Cellinker:29910816;ICELLNET:16921404;LRdb:22353464;connectomeDB2020:22353464,CellCall;CellChatDB;CellPhoneDB;CellPhoneDB_Cellinker;CellTalkDB;Cellinker;DLRP_Cellinker;DLRP_talklr;EMBRACE;ICELLNET;KEGG-MEDICUS;LRdb;Wang;connectomeDB2020;iTALK;talklr,post_translational,16921404;22353464;29910816,3,16,13,ligand,ligand,,generic,functional,resource_specific,Q9NYJ7,protein,7,True,False,False,True,False,receptor,receptor,,generic,functional,resource_specific,Q9UM47,protein,20,False,True,False,True,False
DLL4,NOTCH3,True,False,Q9NR61,Q9UM47,True,False,True,True,False,11,Baccin2019:29230914;CellChatDB:22353464;CellTalkDB:18182388;Cellinker:22353464;Cellinker:29910816;ICELLNET:15137944;ICELLNET:19494260;LRdb:22353464;Ramilowski2015:18182388;connectomeDB2020:18182388;talklr:18182388,Baccin2019;CellCall;CellChatDB;CellPhoneDB;CellPhoneDB_Cellinker;CellTalkDB;Cellinker;DLRP_Cellinker;DLRP_talklr;EMBRACE;ICELLNET;KEGG-MEDICUS;LRdb;Ramilowski2015;Ramilowski2015_Baccin2019;STRING_talklr;Wang;connectomeDB2020;iTALK;talklr,post_translational,15137944;18182388;19494260;22353464;29230914;29910816,6,20,15,ligand,ligand,,generic,functional,resource_specific,Q9NR61,protein,10,True,False,False,True,False,receptor,receptor,,generic,functional,resource_specific,Q9UM47,protein,20,False,True,False,True,False
EFNA5,EPHB2,False,True,P52803,P29323,True,False,True,True,False,11,Baccin2019:1510785715107850;CellChatDB:15107857;CellChatDB:15114347;CellTalkDB:15107857;Cellinker:15107857;Cellinker:15114347;HPRD:15107857;ICELLNET:15114347;ICELLNET:24003208;LRdb:15107857;connectomeDB2020:15107857,Baccin2019;CellChatDB;CellPhoneDB;CellPhoneDB_Cellinker;CellTalkDB;Cellinker;EMBRACE;Fantom5_LRdb;HPMR_Cellinker;HPMR_LRdb;HPMR_talklr;HPRD;HPRD_LRdb;HPRD_talklr;ICELLNET;LRdb;Ramilowski2015;Ramilowski2015_Baccin2019;STRING_talklr;Wang;connectomeDB2020;iTALK;talklr,post_translational,15107857;1510785715107850;15114347;24003208,4,23,14,ligand,ligand,,generic,functional,resource_specific,P52803,protein,11,True,False,False,True,True,receptor,receptor,,generic,functional,resource_specific,P29323,protein,20,False,True,False,True,False
FGF5,FGFR3,False,True,P12034,P22607,False,False,False,False,False,10,Baccin2019:8663044;CellTalkDB:16597617;Cellinker:16597617;Cellinker:25772309;Cellinker:8663044;DIP:9045692;HPRD:8663044;ICELLNET:25772309;LRdb:16597617;connectomeDB2020:8663044,Baccin2019;CellCall;CellChatDB;CellTalkDB;Cellinker;DIP;DLRP_Cellinker;DLRP_talklr;EMBRACE;Fantom5_LRdb;HPRD;HPRD_LRdb;HPRD_talklr;ICELLNET;LRdb;Ramilowski2015;Ramilowski2015_Baccin2019;STRING_talklr;Wang;connectomeDB2020;iTALK;talklr,post_translational,16597617;25772309;8663044;9045692,4,22,15,ligand,ligand,,generic,functional,resource_specific,P12034,protein,17,True,False,True,False,False,receptor,receptor,,generic,functional,resource_specific,P22607,protein,20,False,True,True,True,False
SLIT1,ROBO1,True,False,O75093,Q9Y6N7,True,False,True,True,False,9,Baccin2019:1043382210433820;Cellinker:10433822;HPMR:10433822;HPMR:14761655;HPRD:10433822;ICELLNET:21600986;LRdb:10433822;SPIKE_LC:16713569;connectomeDB2020:10433822,Baccin2019;CellPhoneDB;CellTalkDB;Cellinker;EMBRACE;Fantom5_LRdb;HPMR;HPMR_Cellinker;HPMR_LRdb;HPMR_talklr;HPRD;HPRD_LRdb;HPRD_talklr;ICELLNET;LRdb;Ramilowski2015;Ramilowski2015_Baccin2019;SPIKE_LC;Wang;connectomeDB2020;iTALK;talklr,post_translational,10433822;1043382210433820;14761655;16713569;21600986,5,22,14,ligand,ligand,,generic,functional,resource_specific,O75093,protein,12,True,False,True,False,False,receptor,receptor,,generic,functional,resource_specific,Q9Y6N7,protein,16,False,True,False,True,False
TGFA,ERBB4,True,False,P01135,Q15303,False,False,False,False,False,6,Baccin2019:10918572;CellTalkDB:10918572;HPRD:10918572;ICELLNET:10918572;LRdb:10918572;connectomeDB2020:10918572,Baccin2019;CellCall;CellTalkDB;EMBRACE;Fantom5_LRdb;HPRD;HPRD_LRdb;HPRD_talklr;ICELLNET;LRdb;Ramilowski2015;Ramilowski2015_Baccin2019;STRING_talklr;connectomeDB2020;iTALK;talklr,post_translational,10918572,1,16,11,ligand,ligand,,generic,functional,resource_specific,P01135,protein,20,True,False,True,True,False,receptor,receptor,,generic,functional,resource_specific,Q15303,protein,21,False,True,False,True,False
NTN1,UNC5D,True,False,O95631,Q6UXZ4,False,False,False,False,False,5,CellTalkDB:9126742;LRdb:9126742;Ramilowski2015:9126742;connectomeDB2020:9126742;talklr:9126742,Baccin2019;CellTalkDB;EMBRACE;Fantom5_LRdb;LRdb;Ramilowski2015;Ramilowski2015_Baccin2019;STRING_talklr;connectomeDB2020;iTALK;talklr,post_translational,9126742,1,11,8,ligand,ligand,,generic,functional,resource_specific,O95631,protein,12,True,False,True,False,False,receptor,receptor,,generic,functional,resource_specific,Q6UXZ4,protein,14,False,True,False,True,False
WNT3,ROR2,False,True,P56703,Q01974,False,False,False,False,False,2,CellTalkDB:15388793;NetPath:15388793,CellTalkDB;NetPath,post_translational,15388793,1,2,2,ligand,ligand,,generic,functional,resource_specific,P56703,protein,16,True,False,True,False,False,receptor,receptor,,generic,functional,resource_specific,Q01974,protein,18,False,True,False,True,False
APOE,LRP6,False,True,P02649,O75581,False,False,False,False,False,1,CellTalkDB:22461740,CellTalkDB,post_translational,22461740,1,1,1,ligand,ligand,,generic,functional,resource_specific,P02649,protein,12,True,False,True,False,False,receptor,receptor,,generic,functional,resource_specific,O75581,protein,18,False,True,False,True,False
APOE,LRP2,False,True,P02649,P98164,False,False,False,False,False,7,Baccin2019:11421580;CellTalkDB:16266282;Cellinker:11421580;HPRD:11421580;LRdb:11421580;SPIKE_LC:16713569;connectomeDB2020:1464627,Baccin2019;CellTalkDB;Cellinker;EMBRACE;Fantom5_LRdb;HPRD;HPRD_LRdb;HPRD_talklr;LRdb;Ramilowski2015;Ramilowski2015_Baccin2019;Reactome_LRdb;SPIKE_LC;STRING_talklr;connectomeDB2020;iTALK;talklr,post_translational,11421580;1464627;16266282;16713569,4,17,10,ligand,ligand,,generic,functional,resource_specific,P02649,protein,12,True,False,True,False,False,receptor,receptor,,generic,functional,resource_specific,P98164,protein,17,False,True,False,True,False
APOE,LRP5,False,True,P02649,O75197,True,False,True,True,False,3,Baccin2019:9832610;CellTalkDB:9832610;HPMR:9832610,Baccin2019;CellTalkDB;EMBRACE;Fantom5_LRdb;HPMR;HPMR_LRdb;HPMR_talklr;LRdb;Ramilowski2015;Ramilowski2015_Baccin2019;STRING_talklr;Wang;connectomeDB2020;iTALK;talklr,post_translational,9832610,1,15,10,ligand,ligand,,generic,functional,resource_specific,P02649,protein,12,True,False,True,False,False,receptor,receptor,,generic,functional,resource_specific,O75197,protein,17,False,True,False,True,False
APOE,CHRNA4,False,True,P02649,P43681,False,False,False,False,False,1,CellTalkDB:32196115,CellTalkDB;EMBRACE;Fantom5_LRdb;LRdb;STRING_talklr;iTALK;talklr,post_translational,32196115,1,7,5,ligand,ligand,,generic,functional,resource_specific,P02649,protein,12,True,False,True,False,False,receptor,receptor,,generic,functional,resource_specific,P43681,protein,10,False,True,False,False,False
APOE,TREM2,False,True,P02649,Q9NZC2,False,False,False,False,False,3,CellTalkDB:27477018;Cellinker:28432014;IntAct:30341064,CellTalkDB;Cellinker;IntAct,post_translational,27477018;28432014;30341064,3,3,3,ligand,ligand,,generic,functional,resource_specific,P02649,protein,12,True,False,True,False,False,receptor,receptor,,generic,functional,resource_specific,Q9NZC2,protein,14,False,True,True,True,False
APOE,SDC2,False,True,P02649,P34741,False,False,False,False,False,2,AlzPathway:9869645;CellTalkDB:15583000,AlzPathway;CellTalkDB,post_translational,15583000;9869645,2,2,2,ligand,ligand,,generic,functional,resource_specific,P02649,protein,12,True,False,True,False,False,receptor,receptor,,generic,functional,resource_specific,P34741,protein,13,False,True,False,True,False
APOE,LRP8,False,True,P02649,Q14114,True,False,True,True,False,14,AlzPathway:16504486;Baccin2019:12167620;Baccin2019:12950167;BioGRID:12950167;BioGRID:8626535;CellTalkDB:12950167;Cellinker:12167620;Cellinker:12950167;HPRD:12167620;HPRD:12950167;LRdb:12167620;LRdb:12950167;connectomeDB2020:12167620;connectomeDB2020:12950167,AlzPathway;Baccin2019;BioGRID;CellTalkDB;Cellinker;EMBRACE;Fantom5_LRdb;HPMR_Cellinker;HPMR_LRdb;HPMR_talklr;HPRD;HPRD_LRdb;HPRD_talklr;LRdb;Ramilowski2015;Ramilowski2015_Baccin2019;STRING_talklr;Wang;connectomeDB2020;iTALK;talklr,post_translational,12167620;12950167;16504486;8626535,4,21,13,ligand,ligand,,generic,functional,resource_specific,P02649,protein,12,True,False,True,False,False,receptor,receptor,,generic,functional,resource_specific,Q14114,protein,16,False,True,True,True,False
APOE,LRP4,False,True,P02649,O75096,False,False,False,False,False,1,CellTalkDB:25688974,CellTalkDB,post_translational,25688974,1,1,1,ligand,ligand,,generic,functional,resource_specific,P02649,protein,12,True,False,True,False,False,receptor,receptor,,generic,functional,resource_specific,O75096,protein,15,False,True,False,True,False
JAG1,NOTCH4,False,True,P78504,Q99466,True,True,True,True,True,10,ACSN:22330899;ACSN:22363130;CellChatDB:22353464;CellTalkDB:24563863;Cellinker:22353464;Cellinker:29910816;LRdb:24563863;Ramilowski2015:24563863;connectomeDB2020:24563863;talklr:24563863,ACSN;Baccin2019;CellCall;CellChatDB;CellPhoneDB;CellPhoneDB_Cellinker;CellTalkDB;Cellinker;DLRP_Cellinker;DLRP_talklr;EMBRACE;KEGG-MEDICUS;LRdb;Ramilowski2015;Ramilowski2015_Baccin2019;STRING_talklr;UniProt_LRdb;Wang;connectomeDB2020;iTALK;talklr,post_translational,22330899;22353464;22363130;24563863;29910816,5,21,15,ligand,ligand,,generic,functional,resource_specific,P78504,protein,13,True,False,False,True,False,receptor,receptor,,generic,functional,resource_specific,Q99466,protein,21,False,True,False,True,False
CNTN3,PTPRG,True,False,Q9P232,P23470,False,False,False,False,False,2,CellTalkDB:20133774;Cellinker:20133774,CellTalkDB;Cellinker,post_translational,20133774,1,2,2,ligand,ligand,,generic,functional,resource_specific,Q9P232,protein,1,True,False,False,True,True,receptor,receptor,,generic,functional,resource_specific,P23470,protein,15,False,True,False,True,False
NID1,PTPRF,True,False,P14543,P10586,True,False,True,True,False,5,Baccin2019:9647658;CellTalkDB:9647658;Cellinker:9647658;LRdb:9647658;connectomeDB2020:9647658,Baccin2019;CellTalkDB;Cellinker;EMBRACE;Fantom5_LRdb;HPMR_Cellinker;HPMR_LRdb;HPMR_talklr;LRdb;Ramilowski2015;Ramilowski2015_Baccin2019;Wang;connectomeDB2020;iTALK;talklr,post_translational,9647658,1,15,10,ligand,ligand,,generic,functional,resource_specific,P14543,protein,8,True,False,True,False,False,receptor,receptor,,generic,functional,resource_specific,P10586,protein,16,False,True,False,True,False
EGF,ERBB4,True,False,P01133,Q15303,False,False,False,False,False,5,CellTalkDB:9305636;LRdb:9305636;Ramilowski2015:9305636;connectomeDB2020:9305636;talklr:9305636,Baccin2019;CellCall;CellTalkDB;EMBRACE;Fantom5_LRdb;LRdb;Ramilowski2015;Ramilowski2015_Baccin2019;STRING_talklr;connectomeDB2020;iTALK;talklr,post_translational,9305636,1,12,9,ligand,ligand,,generic,functional,resource_specific,P01133,protein,20,True,False,True,True,False,receptor,receptor,,generic,functional,resource_specific,Q15303,protein,21,False,True,False,True,False
SEMA3A,NRP2,False,True,Q14563,O60462,False,False,False,False,False,6,CellTalkDB:21059704;Cellinker:26633812;LRdb:21059704;Ramilowski2015:21059704;connectomeDB2020:21059704;talklr:21059704,Baccin2019;CellTalkDB;Cellinker;EMBRACE;Fantom5_LRdb;LRdb;Ramilowski2015;Ramilowski2015_Baccin2019;STRING_talklr;connectomeDB2020;iTALK;talklr,post_translational,21059704;26633812,2,12,9,ligand,ligand,,generic,functional,resource_specific,Q14563,protein,14,True,False,True,False,False,receptor,receptor,,generic,functional,resource_specific,O60462,protein,15,False,True,True,True,False
NXPH2,NRXN1,True,False,O95156,P58400,False,False,False,False,False,6,Baccin2019:8699246;CellTalkDB:8699246;Cellinker:8699246;HPRD:8699246;LRdb:8699246;connectomeDB2020:8699246,Baccin2019;CellTalkDB;Cellinker;EMBRACE;Fantom5_LRdb;HPRD;HPRD_LRdb;HPRD_talklr;LRdb;Ramilowski2015;Ramilowski2015_Baccin2019;connectomeDB2020;iTALK;talklr,post_translational,8699246,1,14,10,ligand,ligand,,generic,functional,resource_specific,O95156,protein,9,True,False,True,False,False,receptor,receptor,,generic,functional,resource_specific,P58400,protein,13,False,True,False,True,False
S100A1,TLR4,True,False,P23297,O00206,False,False,False,False,False,1,CellTalkDB:24833748,CellTalkDB;LRdb;Reactome_LRdb,post_translational,24833748,1,3,2,ligand,ligand,,generic,functional,resource_specific,P23297,protein,2,True,False,True,False,False,receptor,receptor,,generic,functional,resource_specific,O00206,protein,18,False,True,False,True,False
DRAXIN,DCC,True,False,Q8NBI3,P43146,False,False,False,False,False,2,CellTalkDB:29503192;Cellinker:29503192,CellTalkDB;Cellinker,post_translational,29503192,1,2,2,ligand,ligand,,generic,functional,resource_specific,Q8NBI3,protein,2,True,False,True,False,False,receptor,receptor,,generic,functional,resource_specific,P43146,protein,15,False,True,False,True,False
IL16,GRIN2A,True,False,Q14005,Q12879,False,False,False,False,False,2,CellTalkDB:32103204;HPRD:10479680,CellTalkDB;HPRD,post_translational,10479680;32103204,2,2,2,ligand,ligand,,generic,functional,resource_specific,Q14005,protein,15,True,False,True,False,False,receptor,receptor,,generic,functional,resource_specific,Q12879,protein,6,False,True,False,False,False
SEMA3E,PLXND1,False,True,O15041,Q9Y4D7,True,False,True,True,False,12,Baccin2019:15550623;CellChatDB:22325954;CellTalkDB:22325954;Cellinker:15550623;Cellinker:19887479;Cellinker:22325954;Cellinker:26633812;HPMR:15550623;LRdb:15550623;Lit-BM-17:17318185;SPIKE_LC:17318185;connectomeDB2020:15550623,Baccin2019;CellChatDB;CellPhoneDB;CellPhoneDB_Cellinker;CellTalkDB;Cellinker;EMBRACE;Fantom5_LRdb;HPMR;HPMR_Cellinker;HPMR_LRdb;HPMR_talklr;LRdb;Lit-BM-17;Ramilowski2015;Ramilowski2015_Baccin2019;SPIKE_LC;STRING_talklr;Wang;connectomeDB2020;iTALK;talklr,post_translational,15550623;17318185;19887479;22325954;26633812,5,22,14,ligand,ligand,,generic,functional,resource_specific,O15041,protein,13,True,False,True,False,False,receptor,receptor,,generic,functional,resource_specific,Q9Y4D7,protein,17,False,True,False,True,False
LPA,ITGAM,False,True,P08519,P11215,False,False,False,False,False,1,CellTalkDB:16403785,CellTalkDB;Fantom5_LRdb;LRdb;STRING_talklr;iTALK;talklr,post_translational,16403785,1,6,4,ligand,ligand,,generic,functional,resource_specific,P08519,protein,7,True,False,True,False,False,receptor,receptor,,generic,functional,resource_specific,P11215,protein,15,False,True,False,True,False
LPA,LPAR3,False,True,P08519,Q9UBY5,False,False,False,False,False,1,CellTalkDB:25849892,CellTalkDB,post_translational,25849892,1,1,1,ligand,ligand,,generic,functional,resource_specific,P08519,protein,7,True,False,True,False,False,receptor,receptor,,generic,functional,resource_specific,Q9UBY5,protein,12,False,True,False,True,False
LPA,LPAR1,False,True,P08519,Q92633,False,False,False,False,False,1,CellTalkDB:25849892,CellTalkDB,post_translational,25849892,1,1,1,ligand,ligand,,generic,functional,resource_specific,P08519,protein,7,True,False,True,False,False,receptor,receptor,,generic,functional,resource_specific,Q92633,protein,16,False,True,False,True,False
EFNA5,EPHA10,False,True,P52803,Q5JZY3,False,False,False,False,False,3,CellTalkDB:11114742;Cellinker:28589441;LRdb:11114742,CellTalkDB;Cellinker;LRdb,post_translational,11114742;28589441,2,3,3,ligand,ligand,,generic,functional,resource_specific,P52803,protein,11,True,False,False,True,True,receptor,receptor,,generic,functional,resource_specific,Q5JZY3,protein,7,False,True,True,True,False
EFNA5,EPHB1,False,True,P52803,P54762,False,False,False,False,False,4,CellTalkDB:9245480;HPRD:9245480;LRdb:9245480;connectomeDB2020:9245480,CellTalkDB;EMBRACE;Fantom5_LRdb;HPRD;HPRD_LRdb;HPRD_talklr;LRdb;Ramilowski2015;connectomeDB2020;iTALK;talklr,post_translational,9245480,1,11,8,ligand,ligand,,generic,functional,resource_specific,P52803,protein,11,True,False,False,True,True,receptor,receptor,,generic,functional,resource_specific,P54762,protein,19,False,True,False,True,False
SLIT3,ROBO1,True,False,O75094,Q9Y6N7,True,False,True,True,False,2,CellTalkDB:30288875;connectomeDB2020:19741192,CellTalkDB;connectomeDB2020,post_translational,19741192;30288875,2,2,2,ligand,ligand,,generic,functional,resource_specific,O75094,protein,8,True,False,True,False,False,receptor,receptor,,generic,functional,resource_specific,Q9Y6N7,protein,16,False,True,False,True,False
NTN4,DCC,True,False,Q9HB63,P43146,True,False,True,True,False,6,Baccin2019:17174565;CellTalkDB:17174565;Cellinker:17174565;DIP:19721007;LRdb:17174565;connectomeDB2020:17174565,Baccin2019;CellTalkDB;Cellinker;DIP;EMBRACE;Fantom5_LRdb;HPMR_Cellinker;HPMR_LRdb;HPMR_talklr;LRdb;Ramilowski2015;Ramilowski2015_Baccin2019;Wang;connectomeDB2020;iTALK;talklr,post_translational,17174565;19721007,2,16,11,ligand,ligand,,generic,functional,resource_specific,Q9HB63,protein,11,True,False,True,False,False,receptor,receptor,,generic,functional,resource_specific,P43146,protein,15,False,True,False,True,False
CNTN4,PTPRG,True,True,Q8IWV2,P23470,False,False,False,False,False,6,CellTalkDB:20133774;Cellinker:20133774;LRdb:20133774;Ramilowski2015:20133774;connectomeDB2020:20133774;talklr:20133774,Baccin2019;CellTalkDB;Cellinker;EMBRACE;Fantom5_LRdb;LRdb;Ramilowski2015;Ramilowski2015_Baccin2019;connectomeDB2020;iTALK;talklr,post_translational,20133774,1,11,9,ligand,ligand,,generic,functional,resource_specific,Q8IWV2,protein,8,True,False,True,False,False,receptor,receptor,,generic,functional,resource_specific,P23470,protein,15,False,True,False,True,False
APOE,LRP1,False,True,P02649,Q07954,False,False,False,False,False,11,AlzPathway:19026743;Baccin2019:11421580;CellTalkDB:11421580;Cellinker:11421580;Cellinker:31677479;HPRD:11421580;IntAct:15182176;IntAct:20030366;LRdb:11421580;connectomeDB2020:22622580;connectomeDB2020:2779654,AlzPathway;Baccin2019;CellTalkDB;Cellinker;EMBRACE;Fantom5_LRdb;HPRD;HPRD_LRdb;HPRD_talklr;IntAct;LRdb;Ramilowski2015;Ramilowski2015_Baccin2019;Reactome_LRdb;SPIKE_LC;STRING_talklr;connectomeDB2020;iTALK;talklr,post_translational,11421580;15182176;19026743;20030366;22622580;2779654;31677479,7,19,12,ligand,ligand,,generic,functional,resource_specific,P02649,protein,12,True,False,True,False,False,receptor,receptor,,generic,functional,resource_specific,Q07954,protein,15,False,True,False,True,False
THBS2,NOTCH3,True,False,P35442,Q9UM47,False,False,False,False,False,7,Baccin2019:19147503;CellTalkDB:19147503;Cellinker:19147503;LRdb:19147503;Ramilowski2015:19147503;connectomeDB2020:19147503;talklr:19147503,Baccin2019;CellTalkDB;Cellinker;EMBRACE;Fantom5_LRdb;LRdb;Ramilowski2015;Ramilowski2015_Baccin2019;STRING_talklr;connectomeDB2020;iTALK;talklr,post_translational,19147503,1,12,9,ligand,ligand,,generic,functional,resource_specific,P35442,protein,8,True,False,True,False,False,receptor,receptor,,generic,functional,resource_specific,Q9UM47,protein,20,False,True,False,True,False
LPA,LRP2,False,True,P08519,P98164,False,False,False,False,False,6,CellTalkDB:32196115;Cellinker:10073957;HPRD:10073957;LRdb:10073957;SPIKE_LC:16713569;connectomeDB2020:10073957,CellTalkDB;Cellinker;Fantom5_LRdb;HPRD;HPRD_LRdb;HPRD_talklr;LRdb;Ramilowski2015;SPIKE_LC;connectomeDB2020;iTALK;talklr,post_translational,10073957;16713569;32196115,3,12,8,ligand,ligand,,generic,functional,resource_specific,P08519,protein,7,True,False,True,False,False,receptor,receptor,,generic,functional,resource_specific,P98164,protein,17,False,True,False,True,False
NPPC,NPR3,True,False,P23582,P17342,False,False,False,False,False,11,Baccin2019:11533490;Baccin2019:1309330;CellTalkDB:11533490;Cellinker:11533490;Cellinker:1309330;HPRD:11533490;HPRD:1309330;LRdb:11533490;LRdb:13;connectomeDB2020:11533490;connectomeDB2020:1309330,Baccin2019;CellTalkDB;Cellinker;EMBRACE;Fantom5_LRdb;HPRD;HPRD_LRdb;HPRD_talklr;LRdb;Ramilowski2015;Ramilowski2015_Baccin2019;STRING_talklr;connectomeDB2020;iTALK;talklr,post_translational,11533490;13;1309330,3,15,10,ligand,ligand,,generic,functional,resource_specific,P23582,protein,15,True,False,True,False,False,receptor,receptor,,generic,functional,resource_specific,P17342,protein,16,False,True,False,True,False
NPPB,NPR3,True,True,P16860,P17342,True,False,True,True,False,13,CellTalkDB:1309330;Cellinker:1309330;Cellinker:7901875;HPRD:1309330;HPRD:7901875;LRdb:1309330;LRdb:79;Lit-BM-17:1309330;Lit-BM-17:1660465;Lit-BM-17:1672777;Lit-BM-17:16870210;connectomeDB2020:1309330;connectomeDB2020:7901875,CellTalkDB;Cellinker;Fantom5_LRdb;HPMR_Cellinker;HPMR_LRdb;HPMR_talklr;HPRD;HPRD_LRdb;HPRD_talklr;LRdb;Lit-BM-17;Ramilowski2015;STRING_talklr;Wang;connectomeDB2020;iTALK;talklr,post_translational,1309330;1660465;1672777;16870210;79;7901875,6,17,10,ligand,ligand,,generic,functional,resource_specific,P16860,protein,14,True,False,True,False,False,receptor,receptor,,generic,functional,resource_specific,P17342,protein,16,False,True,False,True,False
VIP,NPR3,True,False,P01282,P17342,False,False,False,False,False,1,CellTalkDB:16723209,CellTalkDB;EMBRACE;Fantom5_LRdb;LRdb;STRING_talklr;iTALK;talklr,post_translational,16723209,1,7,5,ligand,ligand,,generic,functional,resource_specific,P01282,protein,17,True,False,True,False,False,receptor,receptor,,generic,functional,resource_specific,P17342,protein,16,False,True,False,True,False
SEMA3E,NRP1,False,True,O15041,O14786,False,False,False,False,False,3,Baccin2019:27439112;CellTalkDB:20664165;Cellinker:20664165,Baccin2019;CellTalkDB;Cellinker;EMBRACE;Fantom5_LRdb;LRdb;STRING_talklr;iTALK;talklr,post_translational,20664165;27439112,2,9,7,ligand,ligand,,generic,functional,resource_specific,O15041,protein,13,True,False,True,False,False,receptor,receptor,,generic,functional,resource_specific,O14786,protein,15,False,True,True,True,False
LTBP3,ITGB5,False,True,Q9NS15,P18084,False,False,False,False,False,5,CellTalkDB:12358597;Cellinker:12358597;HPRD:12358597;LRdb:12358597;connectomeDB2020:12358597,CellTalkDB;Cellinker;EMBRACE;Fantom5_LRdb;HPRD;HPRD_LRdb;HPRD_talklr;LRdb;Ramilowski2015;connectomeDB2020;iTALK;talklr,post_translational,12358597,1,12,9,ligand,ligand,,generic,functional,resource_specific,Q9NS15,protein,8,True,False,True,False,False,receptor,receptor,,generic,functional,resource_specific,P18084,protein,15,False,True,False,True,False
CCN1,TLR4,True,False,O00622,O00206,False,False,False,False,False,1,CellTalkDB:32144270,CellTalkDB,post_translational,32144270,1,1,1,ligand,ligand,,generic,functional,resource_specific,O00622,protein,11,True,False,True,False,False,receptor,receptor,,generic,functional,resource_specific,O00206,protein,18,False,True,False,True,False
MDK,PTPRZ1,False,True,P21741,P23471,False,False,False,False,False,9,Baccin2019:10212223;CellChatDB:28356350;CellTalkDB:10212223;Cellinker:10212223;Cellinker:28356350;HPRD:10212223;LRdb:10212223;SPIKE_LC:16713569;connectomeDB2020:10212223,Baccin2019;CellChatDB;CellPhoneDB;CellPhoneDB_Cellinker;CellTalkDB;Cellinker;DLRP_Cellinker;DLRP_talklr;EMBRACE;Fantom5_LRdb;HPRD;HPRD_LRdb;HPRD_talklr;LRdb;Ramilowski2015;Ramilowski2015_Baccin2019;SPIKE_LC;UniProt_LRdb;connectomeDB2020;iTALK;talklr,post_translational,10212223;16713569;28356350,3,21,12,ligand,ligand,,generic,functional,resource_specific,P21741,protein,17,True,False,True,False,False,receptor,receptor,,generic,functional,resource_specific,P23471,protein,16,False,True,True,True,False
SLIT2,DCC,True,False,O94813,P43146,False,False,False,False,False,1,CellTalkDB:32196115,CellTalkDB;EMBRACE;Fantom5_LRdb;LRdb;STRING_talklr;iTALK;talklr,post_translational,32196115,1,7,5,ligand,ligand,,generic,functional,resource_specific,O94813,protein,11,True,False,True,False,False,receptor,receptor,,generic,functional,resource_specific,P43146,protein,15,False,True,False,True,False
SLIT2,ROBO1,True,False,O94813,Q9Y6N7,True,False,True,True,False,9,Baccin2019:1010226810102260;CellTalkDB:10102268;Cellinker:10102268;Cellinker:31217826;DIP:17848514;HPRD:10102268;LRdb:10102268;Lit-BM-17:17848514;connectomeDB2020:10102268,Baccin2019;CellPhoneDB;CellTalkDB;Cellinker;DIP;EMBRACE;Fantom5_LRdb;HPMR_Cellinker;HPMR_LRdb;HPMR_talklr;HPRD;HPRD_LRdb;HPRD_talklr;LRdb;Lit-BM-17;Ramilowski2015;Ramilowski2015_Baccin2019;Wang;connectomeDB2020;iTALK;talklr,post_translational,10102268;1010226810102260;17848514;31217826,4,21,14,ligand,ligand,,generic,functional,resource_specific,O94813,protein,11,True,False,True,False,False,receptor,receptor,,generic,functional,resource_specific,Q9Y6N7,protein,16,False,True,False,True,False
LAMA4,DAG1,True,False,Q16363,Q14118,True,False,False,False,False,1,SPIKE_LC:16709410,CellChatDB;SPIKE_LC;Wang,post_translational,16709410,1,3,2,ligand,ligand,,generic,functional,resource_specific,Q16363,protein,3,True,False,True,False,False,receptor,receptor,,generic,functional,resource_specific,Q14118,protein,4,False,True,True,True,False
DCN,TLR4,True,False,P07585,O00206,False,False,False,False,False,3,Cellinker:23350913;InnateDB:22087031;connectomeDB2020:22087031,Cellinker;InnateDB;connectomeDB2020,post_translational,22087031;23350913,2,3,3,ligand,ligand,,generic,functional,resource_specific,P07585,protein,10,True,False,True,False,False,receptor,receptor,,generic,functional,resource_specific,O00206,protein,18,False,True,False,True,False
EFNA5,EPHB6,False,True,P52803,O15197,False,False,False,False,False,4,LRdb:15107857;Ramilowski2015:15107857;connectomeDB2020:15107857;talklr:15107857,Baccin2019;CellTalkDB;EMBRACE;Fantom5_LRdb;LRdb;Ramilowski2015;Ramilowski2015_Baccin2019;STRING_talklr;connectomeDB2020;iTALK;talklr,post_translational,15107857,1,11,8,ligand,ligand,,generic,functional,resource_specific,P52803,protein,11,True,False,False,True,True,receptor,receptor,,generic,functional,resource_specific,O15197,protein,17,False,True,True,True,False
LAMA2,DAG1,True,False,P24043,Q14118,True,False,True,True,False,4,HPRD:16709410;HPRD:7925941;SPIKE_LC:16709410;connectomeDB2020:30530204,CellChatDB;HPRD;SPIKE_LC;Wang;connectomeDB2020,post_translational,16709410;30530204;7925941,3,5,4,ligand,ligand,,generic,functional,resource_specific,P24043,protein,9,True,False,True,False,False,receptor,receptor,,generic,functional,resource_specific,Q14118,protein,4,False,True,True,True,False
NXPH3,NRXN1,True,False,O95157,P58400,True,False,True,True,False,5,Baccin2019:98569949856994;Cellinker:9856994;HPRD:9856994;LRdb:9856994;connectomeDB2020:9856994,Baccin2019;CellTalkDB;Cellinker;EMBRACE;Fantom5_LRdb;HPMR_Cellinker;HPMR_LRdb;HPMR_talklr;HPRD;HPRD_LRdb;HPRD_talklr;LRdb;Ramilowski2015;Ramilowski2015_Baccin2019;Wang;connectomeDB2020;iTALK;talklr,post_translational,9856994;98569949856994,2,18,11,ligand,ligand,,generic,functional,resource_specific,O95157,protein,9,True,False,True,False,False,receptor,receptor,,generic,functional,resource_specific,P58400,protein,13,False,True,False,True,False
SLITRK1,PTPRD,True,False,Q96PX8,P23468,False,False,False,False,False,2,Cellinker:32589946;connectomeDB2020:23345436,CellPhoneDB;Cellinker;connectomeDB2020,post_translational,23345436;32589946,2,3,3,ligand,ligand,,generic,functional,resource_specific,Q96PX8,protein,1,True,False,True,True,False,receptor,receptor,,generic,functional,resource_specific,P23468,protein,10,False,True,False,True,False
WNT7B,ADGRA2,False,True,P56706,Q96PE1,False,False,False,False,False,1,Cellinker:28289266,Cellinker,post_translational,28289266,1,1,1,ligand,ligand,,generic,functional,resource_specific,P56706,protein,16,True,False,True,False,False,receptor,receptor,,generic,functional,resource_specific,Q96PE1,protein,8,False,True,False,True,False
CCN2,ERBB4,True,False,P29279,Q15303,False,False,False,False,False,4,Baccin2019:12297288;Cellinker:12297288;HPRD:12297288;LRdb:12297288,Baccin2019;CellTalkDB;Cellinker;EMBRACE;Fantom5_LRdb;HPRD;HPRD_LRdb;HPRD_talklr;LRdb;Ramilowski2015;Ramilowski2015_Baccin2019;iTALK;talklr,post_translational,12297288,1,13,9,ligand,ligand,,generic,functional,resource_specific,P29279,protein,12,True,False,True,False,False,receptor,receptor,,generic,functional,resource_specific,Q15303,protein,21,False,True,False,True,False
BMP7,ACVR1B,True,False,P18075,P36896,False,False,False,False,False,1,Cellinker:31619522,Cellinker,post_translational,31619522,1,1,1,ligand,ligand,,generic,functional,resource_specific,P18075,protein,21,True,False,True,False,False,receptor,receptor,,generic,functional,resource_specific,P36896,protein,21,False,True,False,True,False
CNTN4,APLP1,False,True,Q8IWV2,P51693,False,False,False,False,False,1,Cellinker:32589946,Cellinker,post_translational,32589946,1,1,1,ligand,ligand,,generic,functional,resource_specific,Q8IWV2,protein,8,True,False,True,False,False,receptor,receptor,,generic,functional,resource_specific,P51693,protein,3,False,True,False,True,False
SEMA3E,NRP2,False,True,O15041,O60462,False,False,False,False,False,1,Cellinker:20664165,Cellinker,post_translational,20664165,1,1,1,ligand,ligand,,generic,functional,resource_specific,O15041,protein,13,True,False,True,False,False,receptor,receptor,,generic,functional,resource_specific,O60462,protein,15,False,True,True,True,False
CNTN6,PTPRG,True,False,Q9UQ52,P23470,False,False,False,False,False,1,Cellinker:20133774,Cellinker,post_translational,20133774,1,1,1,ligand,ligand,,generic,functional,resource_specific,Q9UQ52,protein,2,True,False,True,False,False,receptor,receptor,,generic,functional,resource_specific,P23470,protein,15,False,True,False,True,False
PTN,CDH10,True,False,P21246,Q9Y6N8,False,False,False,False,False,6,Baccin2019:16169070;Cellinker:16169070;HPRD:16169070;LRdb:16169070;SPIKE_LC:16169070;SPIKE_LC:16713569,Baccin2019;Cellinker;EMBRACE;Fantom5_LRdb;HPRD;HPRD_LRdb;HPRD_talklr;LRdb;Ramilowski2015;Ramilowski2015_Baccin2019;SPIKE_LC;iTALK;talklr,post_translational,16169070;16713569,2,13,8,ligand,ligand,,generic,functional,resource_specific,P21246,protein,16,True,False,True,False,False,receptor,receptor,,generic,functional,resource_specific,Q9Y6N8,protein,6,False,True,False,True,False
TGFA,PTPRD,True,False,P01135,P23468,False,False,False,False,False,1,Cellinker:32589946,Cellinker,post_translational,32589946,1,1,1,ligand,ligand,,generic,functional,resource_specific,P01135,protein,20,True,False,True,True,False,receptor,receptor,,generic,functional,resource_specific,P23468,protein,10,False,True,False,True,False
LAMA1,DAG1,True,False,P25391,Q14118,True,False,True,True,False,3,HPRD:11798066;HPRD:16709410;HPRD:7925941,CellChatDB;HPRD;Wang,post_translational,11798066;16709410;7925941,3,3,3,ligand,ligand,,generic,functional,resource_specific,P25391,protein,9,True,False,True,False,False,receptor,receptor,,generic,functional,resource_specific,Q14118,protein,4,False,True,True,True,False
LAMB2,CD44,False,True,P55268,P16070,True,False,True,True,False,0,,CellChatDB;Wang,post_translational,,,2,2,ligand,ligand,,generic,functional,resource_specific,P55268,protein,8,True,False,True,False,False,receptor,receptor,,generic,functional,resource_specific,P16070,protein,15,False,True,True,True,False
LAMC3,DAG1,True,False,Q9Y6N6,Q14118,True,False,True,True,False,0,,CellChatDB;Wang,post_translational,,,2,2,ligand,ligand,,generic,functional,resource_specific,Q9Y6N6,protein,3,True,False,True,False,False,receptor,receptor,,generic,functional,resource_specific,Q14118,protein,4,False,True,True,True,False
